id,valor_numerico,categoria
1,67,HOGAR
2,89,ROPA
3,8,ELECTRONICA
4,35,ELECTRONICA
5,53,
6,13,ELECTRONICA
7,54,
8,89,ELECTRONICA
9,20,ELECTRONICA
10,-7,HOGAR
11,69,ELECTRONICA
12,46,ROPA
13,28,
14,20,ROPA
15,27,ROPA
16,7,HOGAR
17,25,HOGAR
18,8,HOGAR
19,5,
20,4,HOGAR
21,70,ELECTRONICA
22,81,ELECTRONICA
23,5,ELECTRONICA
24,53,HOGAR
25,82,HOGAR
26,83,ELECTRONICA
27,100,HOGAR
28,67,ROPA
29,100,ROPA
30,94,HOGAR
31,54,HOGAR
32,-6,ROPA
33,45,ROPA
34,88,ROPA
35,31,ELECTRONICA
36,29,HOGAR
37,67,ROPA
38,54,ELECTRONICA
39,5,HOGAR
40,75,ROPA
41,65,HOGAR
42,46,HOGAR
43,3,ROPA
44,56,
45,84,HOGAR
46,-6,HOGAR
47,38,
48,5,ELECTRONICA
49,51,ELECTRONICA
50,5,
51,96,ELECTRONICA
52,92,
53,46,HOGAR
54,74,ELECTRONICA
55,12,HOGAR
56,71,HOGAR
57,-10,ROPA
58,94,HOGAR
59,40,ROPA
60,80,HOGAR
61,43,HOGAR
62,5,
63,55,
64,71,ROPA
65,-6,ROPA
66,89,HOGAR
67,93,
68,49,ROPA
69,57,ROPA
70,56,HOGAR
71,42,HOGAR
72,-6,ROPA
73,24,ELECTRONICA
74,-6,
75,49,ELECTRONICA
76,88,ELECTRONICA
77,9,ELECTRONICA
78,71,ROPA
79,60,
80,64,ROPA
81,95,ELECTRONICA
82,46,ROPA
83,12,ELECTRONICA
84,94,HOGAR
85,52,HOGAR
86,30,ROPA
87,97,ELECTRONICA
88,39,ROPA
89,70,ROPA
90,4,
91,1,ELECTRONICA
92,72,
93,61,ROPA
94,90,ROPA
95,62,ROPA
96,-4,HOGAR
97,25,ROPA
98,83,HOGAR
99,55,
100,42,ROPA
101,69,HOGAR
102,17,HOGAR
103,44,HOGAR
104,91,ROPA
105,6,ROPA
106,24,HOGAR
107,5,HOGAR
108,24,ROPA
109,36,
110,18,ROPA
111,70,ELECTRONICA
112,-8,ROPA
113,55,ELECTRONICA
114,8,ROPA
115,81,ELECTRONICA
116,89,ELECTRONICA
117,70,HOGAR
118,36,HOGAR
119,76,ELECTRONICA
120,57,ELECTRONICA
121,5,ELECTRONICA
122,85,HOGAR
123,81,ROPA
124,47,ELECTRONICA
125,74,ROPA
126,31,ELECTRONICA
127,63,HOGAR
128,95,HOGAR
129,86,
130,23,ELECTRONICA
131,74,ELECTRONICA
132,54,ROPA
133,100,ELECTRONICA
134,-3,ROPA
135,30,HOGAR
136,93,
137,96,HOGAR
138,90,
139,-4,ROPA
140,93,
141,64,
142,20,HOGAR
143,-3,HOGAR
144,15,HOGAR
145,98,HOGAR
146,38,ROPA
147,86,ROPA
148,93,ROPA
149,44,ELECTRONICA
150,36,
151,56,ELECTRONICA
152,18,HOGAR
153,27,ROPA
154,99,ROPA
155,73,
156,59,ELECTRONICA
157,24,HOGAR
158,57,
159,31,ROPA
160,77,ELECTRONICA
161,-10,ROPA
162,-4,HOGAR
163,73,ROPA
164,31,HOGAR
165,85,ELECTRONICA
166,15,HOGAR
167,32,ELECTRONICA
168,95,ELECTRONICA
169,4,ROPA
170,57,ELECTRONICA
171,34,
172,-6,ELECTRONICA
173,12,HOGAR
174,91,ROPA
175,93,HOGAR
176,42,HOGAR
177,94,HOGAR
178,73,HOGAR
179,65,ROPA
180,55,ROPA
181,13,ROPA
182,5,HOGAR
183,45,
184,9,
185,32,
186,86,ROPA
187,34,ROPA
188,-1,ROPA
189,90,ELECTRONICA
190,93,HOGAR
191,-4,ROPA
192,89,ELECTRONICA
193,97,ELECTRONICA
194,71,ELECTRONICA
195,86,HOGAR
196,68,ELECTRONICA
197,79,HOGAR
198,58,ELECTRONICA
199,73,ROPA
200,36,
201,43,ROPA
202,9,ELECTRONICA
203,77,HOGAR
204,47,ELECTRONICA
205,86,
206,27,ELECTRONICA
207,79,
208,55,ROPA
209,30,ROPA
210,84,ROPA
211,61,
212,26,
213,17,ELECTRONICA
214,39,ROPA
215,5,ROPA
216,34,HOGAR
217,91,ELECTRONICA
218,3,ROPA
219,37,ROPA
220,47,ROPA
221,46,ROPA
222,76,ROPA
223,65,ROPA
224,51,ROPA
225,10,ROPA
226,81,HOGAR
227,86,HOGAR
228,85,HOGAR
229,32,ELECTRONICA
230,87,ROPA
231,30,HOGAR
232,14,ELECTRONICA
233,16,ELECTRONICA
234,58,HOGAR
235,63,ELECTRONICA
236,74,ELECTRONICA
237,75,ELECTRONICA
238,-9,HOGAR
239,15,ELECTRONICA
240,89,ROPA
241,93,HOGAR
242,71,
243,85,ELECTRONICA
244,52,
245,66,HOGAR
246,55,ROPA
247,-2,ELECTRONICA
248,28,HOGAR
249,95,ELECTRONICA
250,46,ROPA
251,67,ROPA
252,2,ELECTRONICA
253,22,
254,36,ROPA
255,13,ROPA
256,99,ROPA
257,100,ELECTRONICA
258,24,ELECTRONICA
259,75,ELECTRONICA
260,40,ROPA
261,49,ROPA
262,23,ELECTRONICA
263,7,ROPA
264,37,ELECTRONICA
265,-2,
266,91,ELECTRONICA
267,20,HOGAR
268,36,HOGAR
269,46,
270,63,HOGAR
271,38,ELECTRONICA
272,50,ROPA
273,35,
274,62,ROPA
275,100,ROPA
276,40,ROPA
277,51,ROPA
278,5,ELECTRONICA
279,33,HOGAR
280,10,ROPA
281,84,ELECTRONICA
282,44,HOGAR
283,89,
284,30,ROPA
285,55,ELECTRONICA
286,29,ELECTRONICA
287,-2,
288,7,
289,4,ELECTRONICA
290,63,ELECTRONICA
291,78,
292,-1,
293,46,ROPA
294,77,ELECTRONICA
295,27,HOGAR
296,68,ELECTRONICA
297,26,HOGAR
298,50,HOGAR
299,93,ROPA
300,15,ROPA
301,94,ELECTRONICA
302,60,HOGAR
303,17,
304,-2,ELECTRONICA
305,10,
306,-8,ROPA
307,72,ROPA
308,92,ELECTRONICA
309,31,ELECTRONICA
310,71,ROPA
311,16,ROPA
312,46,HOGAR
313,37,
314,72,ELECTRONICA
315,61,ROPA
316,7,
317,25,
318,26,ELECTRONICA
319,30,HOGAR
320,16,HOGAR
321,38,ELECTRONICA
322,13,HOGAR
323,67,
324,5,ELECTRONICA
325,91,ELECTRONICA
326,57,
327,44,HOGAR
328,100,HOGAR
329,37,ROPA
330,7,ELECTRONICA
331,37,HOGAR
332,84,ELECTRONICA
333,72,HOGAR
334,30,HOGAR
335,1,HOGAR
336,62,ELECTRONICA
337,48,ELECTRONICA
338,92,HOGAR
339,-2,ROPA
340,13,HOGAR
341,78,ROPA
342,2,ELECTRONICA
343,17,ELECTRONICA
344,46,ROPA
345,-5,
346,44,ROPA
347,78,HOGAR
348,74,ROPA
349,53,ELECTRONICA
350,27,
351,91,ROPA
352,89,
353,88,
354,70,ELECTRONICA
355,0,ELECTRONICA
356,37,
357,42,
358,8,ROPA
359,-6,ROPA
360,67,ROPA
361,-6,ELECTRONICA
362,97,
363,69,ELECTRONICA
364,43,ELECTRONICA
365,23,HOGAR
366,25,ROPA
367,30,HOGAR
368,72,ELECTRONICA
369,62,HOGAR
370,36,ELECTRONICA
371,14,ROPA
372,86,
373,91,HOGAR
374,-5,ELECTRONICA
375,95,ROPA
376,17,ROPA
377,61,HOGAR
378,21,ELECTRONICA
379,43,ELECTRONICA
380,64,
381,59,ELECTRONICA
382,-9,ROPA
383,43,ELECTRONICA
384,37,ROPA
385,20,ELECTRONICA
386,94,
387,57,ELECTRONICA
388,36,ELECTRONICA
389,33,ROPA
390,79,ELECTRONICA
391,41,ELECTRONICA
392,75,
393,21,
394,41,HOGAR
395,44,ELECTRONICA
396,33,
397,54,HOGAR
398,86,HOGAR
399,68,HOGAR
400,48,HOGAR
401,76,ELECTRONICA
402,7,ROPA
403,57,ELECTRONICA
404,4,HOGAR
405,27,ELECTRONICA
406,37,
407,81,ELECTRONICA
408,42,HOGAR
409,19,ELECTRONICA
410,88,ELECTRONICA
411,41,HOGAR
412,88,HOGAR
413,30,ELECTRONICA
414,4,
415,40,
416,83,
417,37,
418,36,HOGAR
419,53,HOGAR
420,59,ROPA
421,22,HOGAR
422,88,ROPA
423,19,
424,19,ROPA
425,58,ELECTRONICA
426,100,ELECTRONICA
427,43,
428,69,HOGAR
429,80,HOGAR
430,-8,
431,52,ROPA
432,35,ELECTRONICA
433,28,
434,60,ROPA
435,15,ROPA
436,93,ROPA
437,40,HOGAR
438,10,ROPA
439,78,ELECTRONICA
440,13,
441,-5,ELECTRONICA
442,57,ROPA
443,31,HOGAR
444,70,ROPA
445,65,ROPA
446,-7,ROPA
447,51,ELECTRONICA
448,89,ELECTRONICA
449,39,ROPA
450,66,ELECTRONICA
451,2,HOGAR
452,72,ELECTRONICA
453,6,ELECTRONICA
454,13,HOGAR
455,29,ELECTRONICA
456,17,ROPA
457,14,
458,34,ROPA
459,26,HOGAR
460,34,HOGAR
461,86,ELECTRONICA
462,-5,ELECTRONICA
463,19,ELECTRONICA
464,94,HOGAR
465,95,HOGAR
466,60,ELECTRONICA
467,29,
468,64,ROPA
469,39,ROPA
470,9,ROPA
471,29,ROPA
472,88,
473,74,HOGAR
474,84,ELECTRONICA
475,68,HOGAR
476,78,ROPA
477,82,
478,-7,
479,7,HOGAR
480,83,ELECTRONICA
481,71,HOGAR
482,12,
483,68,HOGAR
484,3,HOGAR
485,63,HOGAR
486,-7,ROPA
487,0,ELECTRONICA
488,9,ROPA
489,-4,ROPA
490,49,HOGAR
491,99,ROPA
492,15,ELECTRONICA
493,-6,ROPA
494,98,ROPA
495,86,ELECTRONICA
496,16,ELECTRONICA
497,97,ROPA
498,-2,ELECTRONICA
499,-8,HOGAR
500,-1,
501,-2,ROPA
502,86,ROPA
503,4,HOGAR
504,6,HOGAR
505,89,ROPA
506,17,ELECTRONICA
507,25,HOGAR
508,32,ELECTRONICA
509,63,HOGAR
510,93,HOGAR
511,86,HOGAR
512,30,ELECTRONICA
513,31,
514,98,
515,35,
516,53,ELECTRONICA
517,33,HOGAR
518,76,ELECTRONICA
519,26,
520,8,
521,89,
522,4,HOGAR
523,84,
524,76,ELECTRONICA
525,92,ELECTRONICA
526,63,ELECTRONICA
527,44,ELECTRONICA
528,-9,ELECTRONICA
529,27,ROPA
530,23,ELECTRONICA
531,93,
532,46,ROPA
533,4,ROPA
534,81,ELECTRONICA
535,96,ELECTRONICA
536,19,ROPA
537,27,
538,2,HOGAR
539,49,ELECTRONICA
540,39,HOGAR
541,77,ROPA
542,-6,ROPA
543,26,ROPA
544,57,ROPA
545,53,ELECTRONICA
546,47,ELECTRONICA
547,55,ROPA
548,83,ELECTRONICA
549,77,ROPA
550,87,
551,12,ROPA
552,53,HOGAR
553,86,ROPA
554,98,ROPA
555,58,ROPA
556,23,
557,53,HOGAR
558,39,HOGAR
559,45,
560,24,
561,15,
562,30,
563,100,ROPA
564,90,
565,2,ELECTRONICA
566,83,HOGAR
567,-5,ROPA
568,-6,HOGAR
569,28,ELECTRONICA
570,62,ELECTRONICA
571,-4,ELECTRONICA
572,7,ELECTRONICA
573,13,ROPA
574,100,
575,12,
576,95,ELECTRONICA
577,96,ROPA
578,57,ROPA
579,44,
580,6,ELECTRONICA
581,67,
582,26,ROPA
583,57,
584,17,
585,16,ELECTRONICA
586,15,ROPA
587,34,HOGAR
588,75,HOGAR
589,96,ROPA
590,16,HOGAR
591,37,ROPA
592,92,HOGAR
593,98,ELECTRONICA
594,91,HOGAR
595,95,
596,26,HOGAR
597,11,
598,68,
599,93,ELECTRONICA
600,2,ROPA
601,7,ROPA
602,6,ROPA
603,7,ELECTRONICA
604,86,HOGAR
605,-1,ELECTRONICA
606,70,ROPA
607,82,
608,33,ELECTRONICA
609,56,HOGAR
610,32,HOGAR
611,93,ROPA
612,11,ROPA
613,62,ROPA
614,40,HOGAR
615,-8,ROPA
616,9,
617,-6,ROPA
618,7,ELECTRONICA
619,83,ROPA
620,42,HOGAR
621,87,
622,-6,ROPA
623,99,ELECTRONICA
624,89,ROPA
625,33,ROPA
626,11,ELECTRONICA
627,96,HOGAR
628,6,ROPA
629,54,HOGAR
630,55,ELECTRONICA
631,55,HOGAR
632,89,ELECTRONICA
633,94,ELECTRONICA
634,82,ELECTRONICA
635,83,ROPA
636,49,
637,-2,ROPA
638,41,
639,39,ROPA
640,10,HOGAR
641,16,HOGAR
642,56,ROPA
643,-7,ROPA
644,2,ROPA
645,-4,ELECTRONICA
646,5,
647,65,ELECTRONICA
648,24,HOGAR
649,61,HOGAR
650,-10,HOGAR
651,48,HOGAR
652,45,ELECTRONICA
653,71,HOGAR
654,99,
655,8,ELECTRONICA
656,6,HOGAR
657,83,ELECTRONICA
658,-3,
659,55,ELECTRONICA
660,9,ROPA
661,42,
662,6,ROPA
663,81,HOGAR
664,-8,
665,80,ELECTRONICA
666,5,ELECTRONICA
667,53,ELECTRONICA
668,22,
669,33,ROPA
670,54,
671,60,ELECTRONICA
672,8,HOGAR
673,89,ROPA
674,60,
675,4,ROPA
676,54,HOGAR
677,97,HOGAR
678,55,ELECTRONICA
679,71,ELECTRONICA
680,76,HOGAR
681,77,
682,-10,
683,65,ELECTRONICA
684,-5,ELECTRONICA
685,53,ROPA
686,88,ELECTRONICA
687,43,HOGAR
688,72,ROPA
689,32,ELECTRONICA
690,3,ROPA
691,56,ROPA
692,49,HOGAR
693,91,
694,49,HOGAR
695,19,ROPA
696,27,ELECTRONICA
697,41,ROPA
698,68,
699,-6,HOGAR
700,99,ELECTRONICA
701,33,ROPA
702,71,ROPA
703,94,ROPA
704,64,HOGAR
705,-2,ELECTRONICA
706,-3,ELECTRONICA
707,13,HOGAR
708,53,HOGAR
709,22,HOGAR
710,82,ELECTRONICA
711,25,ROPA
712,61,ROPA
713,80,ROPA
714,14,ROPA
715,61,ROPA
716,25,ELECTRONICA
717,16,ROPA
718,91,ROPA
719,48,
720,36,HOGAR
721,49,ROPA
722,68,HOGAR
723,99,ROPA
724,63,HOGAR
725,21,HOGAR
726,99,HOGAR
727,62,HOGAR
728,89,ROPA
729,73,ROPA
730,86,
731,39,
732,87,HOGAR
733,84,ELECTRONICA
734,22,ELECTRONICA
735,64,HOGAR
736,85,HOGAR
737,4,
738,39,ELECTRONICA
739,37,ELECTRONICA
740,99,ELECTRONICA
741,56,HOGAR
742,30,HOGAR
743,58,HOGAR
744,76,HOGAR
745,60,ROPA
746,-10,ELECTRONICA
747,39,ELECTRONICA
748,69,HOGAR
749,98,ROPA
750,31,HOGAR
751,-5,ROPA
752,-5,
753,4,ELECTRONICA
754,56,HOGAR
755,76,ELECTRONICA
756,59,ROPA
757,-3,ELECTRONICA
758,63,
759,94,ROPA
760,55,ROPA
761,60,ELECTRONICA
762,49,ROPA
763,96,
764,22,ELECTRONICA
765,29,ELECTRONICA
766,100,HOGAR
767,45,ELECTRONICA
768,43,ELECTRONICA
769,82,HOGAR
770,45,HOGAR
771,16,ELECTRONICA
772,88,ELECTRONICA
773,57,ELECTRONICA
774,32,ELECTRONICA
775,29,ELECTRONICA
776,81,HOGAR
777,91,HOGAR
778,16,HOGAR
779,57,ROPA
780,49,ROPA
781,9,HOGAR
782,84,ELECTRONICA
783,2,ROPA
784,70,ELECTRONICA
785,-6,
786,58,ROPA
787,-2,
788,3,HOGAR
789,64,ELECTRONICA
790,47,ROPA
791,53,
792,64,ELECTRONICA
793,42,ELECTRONICA
794,-7,ELECTRONICA
795,-5,ELECTRONICA
796,81,HOGAR
797,-5,HOGAR
798,52,ELECTRONICA
799,100,ELECTRONICA
800,23,ELECTRONICA
801,93,ROPA
802,41,ROPA
803,84,ELECTRONICA
804,97,HOGAR
805,76,HOGAR
806,19,
807,31,HOGAR
808,32,
809,22,ELECTRONICA
810,17,HOGAR
811,79,
812,55,
813,1,ROPA
814,10,ELECTRONICA
815,74,HOGAR
816,71,HOGAR
817,36,HOGAR
818,1,HOGAR
819,38,ELECTRONICA
820,15,ROPA
821,81,HOGAR
822,-10,HOGAR
823,84,
824,70,ELECTRONICA
825,44,
826,69,ELECTRONICA
827,54,ROPA
828,5,ROPA
829,39,ROPA
830,74,
831,4,
832,93,ELECTRONICA
833,62,ROPA
834,58,HOGAR
835,70,HOGAR
836,43,ROPA
837,80,HOGAR
838,-2,
839,81,HOGAR
840,5,ROPA
841,92,
842,50,HOGAR
843,42,ROPA
844,86,HOGAR
845,16,ELECTRONICA
846,84,ROPA
847,80,ELECTRONICA
848,25,HOGAR
849,61,HOGAR
850,23,HOGAR
851,12,ROPA
852,22,ROPA
853,96,ROPA
854,88,HOGAR
855,99,HOGAR
856,98,HOGAR
857,-8,
858,59,ELECTRONICA
859,37,ROPA
860,64,HOGAR
861,66,
862,90,ROPA
863,96,ROPA
864,94,ROPA
865,24,HOGAR
866,49,HOGAR
867,88,HOGAR
868,35,ROPA
869,66,HOGAR
870,-6,HOGAR
871,70,HOGAR
872,25,ELECTRONICA
873,63,ROPA
874,74,ELECTRONICA
875,91,HOGAR
876,51,HOGAR
877,1,ROPA
878,21,
879,42,HOGAR
880,46,ELECTRONICA
881,-6,ROPA
882,86,HOGAR
883,56,ELECTRONICA
884,24,ROPA
885,3,ELECTRONICA
886,65,HOGAR
887,63,ELECTRONICA
888,100,
889,31,
890,78,ROPA
891,28,ROPA
892,31,ROPA
893,11,
894,21,ELECTRONICA
895,70,HOGAR
896,82,
897,15,HOGAR
898,87,ELECTRONICA
899,78,ROPA
900,81,ROPA
901,-6,HOGAR
902,65,HOGAR
903,87,ELECTRONICA
904,91,HOGAR
905,34,ELECTRONICA
906,19,HOGAR
907,59,ELECTRONICA
908,90,ELECTRONICA
909,11,HOGAR
910,24,HOGAR
911,100,ROPA
912,71,HOGAR
913,77,ROPA
914,-9,ROPA
915,26,HOGAR
916,-1,ROPA
917,39,ELECTRONICA
918,72,ELECTRONICA
919,95,ELECTRONICA
920,90,ROPA
921,37,HOGAR
922,61,HOGAR
923,4,ELECTRONICA
924,12,ROPA
925,47,ELECTRONICA
926,34,HOGAR
927,31,
928,33,HOGAR
929,16,HOGAR
930,25,ROPA
931,65,ROPA
932,18,ROPA
933,74,ELECTRONICA
934,27,
935,20,HOGAR
936,85,ROPA
937,33,ROPA
938,8,
939,32,HOGAR
940,55,ROPA
941,61,ELECTRONICA
942,87,
943,72,
944,58,HOGAR
945,81,
946,48,ELECTRONICA
947,97,HOGAR
948,71,ROPA
949,13,ROPA
950,66,ROPA
951,62,ELECTRONICA
952,20,ROPA
953,90,ELECTRONICA
954,76,HOGAR
955,5,ROPA
956,93,HOGAR
957,99,HOGAR
958,60,ROPA
959,50,ROPA
960,14,ROPA
961,-5,ROPA
962,86,ELECTRONICA
963,62,
964,-4,ELECTRONICA
965,-1,HOGAR
966,40,
967,35,
968,20,
969,54,ROPA
970,68,ELECTRONICA
971,66,HOGAR
972,37,HOGAR
973,39,ROPA
974,86,
975,31,ELECTRONICA
976,48,
977,26,ELECTRONICA
978,64,ELECTRONICA
979,59,ROPA
980,-4,HOGAR
981,-7,ROPA
982,68,HOGAR
983,46,HOGAR
984,23,ELECTRONICA
985,66,HOGAR
986,32,ROPA
987,29,ROPA
988,66,ROPA
989,31,HOGAR
990,23,ROPA
991,90,HOGAR
992,52,
993,38,ROPA
994,55,ELECTRONICA
995,77,HOGAR
996,46,ELECTRONICA
997,-7,HOGAR
998,90,HOGAR
999,60,ROPA
1000,85,HOGAR
1001,20,ELECTRONICA
1002,50,HOGAR
1003,98,ELECTRONICA
1004,-8,HOGAR
1005,20,HOGAR
1006,3,ROPA
1007,92,HOGAR
1008,61,ELECTRONICA
1009,-10,ELECTRONICA
1010,66,ELECTRONICA
1011,21,HOGAR
1012,87,ELECTRONICA
1013,35,ELECTRONICA
1014,45,HOGAR
1015,39,ROPA
1016,18,
1017,48,ROPA
1018,13,ELECTRONICA
1019,49,ROPA
1020,9,
1021,35,ELECTRONICA
1022,42,
1023,81,HOGAR
1024,-6,
1025,86,ELECTRONICA
1026,52,HOGAR
1027,16,ROPA
1028,91,ROPA
1029,95,ELECTRONICA
1030,6,ELECTRONICA
1031,-9,ROPA
1032,89,ELECTRONICA
1033,90,ROPA
1034,53,ROPA
1035,75,ELECTRONICA
1036,80,ROPA
1037,58,
1038,77,ROPA
1039,24,ROPA
1040,66,ROPA
1041,54,ELECTRONICA
1042,63,ROPA
1043,20,ELECTRONICA
1044,1,ROPA
1045,74,ELECTRONICA
1046,-8,HOGAR
1047,99,ROPA
1048,72,ELECTRONICA
1049,9,ELECTRONICA
1050,71,ELECTRONICA
1051,65,ROPA
1052,64,
1053,38,ELECTRONICA
1054,3,ROPA
1055,94,ELECTRONICA
1056,39,
1057,56,ELECTRONICA
1058,6,ROPA
1059,13,ELECTRONICA
1060,60,ROPA
1061,12,ROPA
1062,3,HOGAR
1063,19,ROPA
1064,27,
1065,-8,
1066,-9,ELECTRONICA
1067,20,ELECTRONICA
1068,53,ROPA
1069,-4,HOGAR
1070,21,
1071,10,ELECTRONICA
1072,43,
1073,96,ELECTRONICA
1074,94,ELECTRONICA
1075,96,ROPA
1076,55,
1077,59,ELECTRONICA
1078,47,ROPA
1079,86,ROPA
1080,29,ELECTRONICA
1081,38,ROPA
1082,82,HOGAR
1083,39,ELECTRONICA
1084,91,
1085,-8,ROPA
1086,-2,ROPA
1087,33,ELECTRONICA
1088,78,ROPA
1089,98,ELECTRONICA
1090,-1,HOGAR
1091,44,HOGAR
1092,9,ELECTRONICA
1093,56,ELECTRONICA
1094,39,ELECTRONICA
1095,26,ELECTRONICA
1096,100,ELECTRONICA
1097,31,HOGAR
1098,64,
1099,53,ELECTRONICA
1100,38,HOGAR
1101,94,ROPA
1102,56,ROPA
1103,29,ROPA
1104,8,ELECTRONICA
1105,52,HOGAR
1106,77,ROPA
1107,75,
1108,37,ROPA
1109,90,ROPA
1110,48,HOGAR
1111,-10,HOGAR
1112,60,ELECTRONICA
1113,17,HOGAR
1114,4,ELECTRONICA
1115,33,HOGAR
1116,79,HOGAR
1117,38,
1118,87,ROPA
1119,58,ROPA
1120,31,ELECTRONICA
1121,74,ROPA
1122,56,HOGAR
1123,44,HOGAR
1124,-5,
1125,27,ROPA
1126,22,HOGAR
1127,66,ELECTRONICA
1128,-10,ELECTRONICA
1129,11,ELECTRONICA
1130,14,ELECTRONICA
1131,2,ROPA
1132,48,ELECTRONICA
1133,6,ELECTRONICA
1134,68,ELECTRONICA
1135,0,ROPA
1136,16,ELECTRONICA
1137,4,HOGAR
1138,5,ELECTRONICA
1139,75,ROPA
1140,73,ROPA
1141,58,HOGAR
1142,31,ELECTRONICA
1143,1,
1144,4,
1145,91,ELECTRONICA
1146,43,
1147,66,HOGAR
1148,98,
1149,74,HOGAR
1150,48,HOGAR
1151,12,ROPA
1152,56,ELECTRONICA
1153,32,ROPA
1154,32,HOGAR
1155,57,ROPA
1156,6,
1157,9,ROPA
1158,-6,HOGAR
1159,45,ROPA
1160,23,ROPA
1161,81,HOGAR
1162,80,ELECTRONICA
1163,33,ROPA
1164,53,ELECTRONICA
1165,29,HOGAR
1166,16,HOGAR
1167,18,HOGAR
1168,76,ROPA
1169,20,ROPA
1170,98,ELECTRONICA
1171,18,ELECTRONICA
1172,18,HOGAR
1173,21,ELECTRONICA
1174,10,ROPA
1175,22,ELECTRONICA
1176,0,HOGAR
1177,46,
1178,39,
1179,-3,ROPA
1180,42,ROPA
1181,8,ELECTRONICA
1182,80,HOGAR
1183,25,HOGAR
1184,25,ELECTRONICA
1185,34,ROPA
1186,74,
1187,54,ROPA
1188,82,ELECTRONICA
1189,48,ELECTRONICA
1190,-3,HOGAR
1191,48,
1192,18,
1193,98,ROPA
1194,17,ROPA
1195,67,ELECTRONICA
1196,96,ROPA
1197,-3,ELECTRONICA
1198,98,ELECTRONICA
1199,85,HOGAR
1200,52,HOGAR
1201,8,ROPA
1202,35,HOGAR
1203,-6,ROPA
1204,48,ROPA
1205,51,ELECTRONICA
1206,94,ROPA
1207,44,HOGAR
1208,50,ROPA
1209,67,
1210,41,ROPA
1211,12,HOGAR
1212,80,ROPA
1213,33,HOGAR
1214,27,ROPA
1215,29,ROPA
1216,22,ELECTRONICA
1217,26,HOGAR
1218,60,ROPA
1219,94,HOGAR
1220,8,ELECTRONICA
1221,51,
1222,31,ELECTRONICA
1223,17,ELECTRONICA
1224,92,ELECTRONICA
1225,86,HOGAR
1226,33,ELECTRONICA
1227,82,ELECTRONICA
1228,68,
1229,46,ELECTRONICA
1230,11,ROPA
1231,80,ROPA
1232,-4,ELECTRONICA
1233,86,HOGAR
1234,-8,ROPA
1235,97,ELECTRONICA
1236,66,
1237,70,HOGAR
1238,8,ROPA
1239,63,ELECTRONICA
1240,86,ROPA
1241,19,ROPA
1242,17,HOGAR
1243,50,ELECTRONICA
1244,19,HOGAR
1245,13,ELECTRONICA
1246,44,HOGAR
1247,39,ELECTRONICA
1248,52,ELECTRONICA
1249,75,HOGAR
1250,19,
1251,-5,ROPA
1252,28,ROPA
1253,50,
1254,4,HOGAR
1255,7,ROPA
1256,74,HOGAR
1257,10,HOGAR
1258,35,ROPA
1259,48,ROPA
1260,27,HOGAR
1261,1,
1262,53,
1263,44,HOGAR
1264,-9,ROPA
1265,57,ROPA
1266,82,ELECTRONICA
1267,2,HOGAR
1268,30,ROPA
1269,71,ROPA
1270,27,ROPA
1271,23,
1272,82,ROPA
1273,93,ELECTRONICA
1274,-10,ELECTRONICA
1275,51,ROPA
1276,94,ELECTRONICA
1277,55,HOGAR
1278,5,ELECTRONICA
1279,69,HOGAR
1280,26,
1281,-9,
1282,1,ELECTRONICA
1283,40,ROPA
1284,52,ROPA
1285,88,ELECTRONICA
1286,7,ROPA
1287,44,
1288,26,ELECTRONICA
1289,11,HOGAR
1290,-6,
1291,71,
1292,38,HOGAR
1293,4,HOGAR
1294,70,ROPA
1295,19,ROPA
1296,-7,
1297,29,HOGAR
1298,56,ELECTRONICA
1299,38,ROPA
1300,44,ELECTRONICA
1301,36,ELECTRONICA
1302,61,HOGAR
1303,93,ROPA
1304,1,HOGAR
1305,76,ELECTRONICA
1306,-10,HOGAR
1307,2,ROPA
1308,75,
1309,75,ROPA
1310,25,ELECTRONICA
1311,60,ELECTRONICA
1312,-7,ROPA
1313,3,
1314,5,ELECTRONICA
1315,-7,ELECTRONICA
1316,5,HOGAR
1317,65,HOGAR
1318,80,ELECTRONICA
1319,54,HOGAR
1320,21,HOGAR
1321,-6,HOGAR
1322,93,ELECTRONICA
1323,59,HOGAR
1324,58,ELECTRONICA
1325,60,ELECTRONICA
1326,88,ROPA
1327,10,ROPA
1328,9,ROPA
1329,-7,ROPA
1330,71,ELECTRONICA
1331,52,ELECTRONICA
1332,98,HOGAR
1333,76,ROPA
1334,28,HOGAR
1335,91,ROPA
1336,77,
1337,8,
1338,84,ELECTRONICA
1339,52,ROPA
1340,34,ROPA
1341,98,HOGAR
1342,-4,ELECTRONICA
1343,17,HOGAR
1344,4,HOGAR
1345,66,ROPA
1346,42,HOGAR
1347,-4,HOGAR
1348,55,HOGAR
1349,100,HOGAR
1350,26,HOGAR
1351,75,
1352,83,ROPA
1353,98,ROPA
1354,82,ROPA
1355,-2,ELECTRONICA
1356,6,ROPA
1357,81,HOGAR
1358,11,ELECTRONICA
1359,65,
1360,92,ELECTRONICA
1361,38,ELECTRONICA
1362,96,
1363,74,
1364,97,ROPA
1365,63,
1366,84,ROPA
1367,87,ELECTRONICA
1368,13,ELECTRONICA
1369,78,ELECTRONICA
1370,60,ROPA
1371,61,ELECTRONICA
1372,-6,HOGAR
1373,25,
1374,81,ROPA
1375,24,ROPA
1376,79,ELECTRONICA
1377,21,ROPA
1378,94,HOGAR
1379,53,HOGAR
1380,19,ELECTRONICA
1381,84,ROPA
1382,45,ROPA
1383,-10,ROPA
1384,31,
1385,60,HOGAR
1386,77,ROPA
1387,91,HOGAR
1388,42,ELECTRONICA
1389,40,ELECTRONICA
1390,28,HOGAR
1391,100,ROPA
1392,73,ROPA
1393,68,HOGAR
1394,30,HOGAR
1395,96,ROPA
1396,4,ELECTRONICA
1397,-3,ELECTRONICA
1398,51,HOGAR
1399,54,HOGAR
1400,78,ELECTRONICA
1401,47,ELECTRONICA
1402,2,ROPA
1403,76,ROPA
1404,65,HOGAR
1405,39,ROPA
1406,54,HOGAR
1407,-1,HOGAR
1408,34,HOGAR
1409,66,ROPA
1410,57,ROPA
1411,42,ELECTRONICA
1412,74,ELECTRONICA
1413,56,
1414,79,ROPA
1415,71,HOGAR
1416,33,ROPA
1417,-6,ELECTRONICA
1418,-9,HOGAR
1419,98,ELECTRONICA
1420,53,ELECTRONICA
1421,-4,ELECTRONICA
1422,54,ELECTRONICA
1423,50,HOGAR
1424,-3,HOGAR
1425,64,ROPA
1426,71,
1427,82,ROPA
1428,75,ELECTRONICA
1429,72,ELECTRONICA
1430,48,ROPA
1431,91,HOGAR
1432,95,ELECTRONICA
1433,51,HOGAR
1434,83,ROPA
1435,43,ROPA
1436,11,HOGAR
1437,54,ROPA
1438,86,ELECTRONICA
1439,81,ROPA
1440,68,HOGAR
1441,72,
1442,-5,HOGAR
1443,25,
1444,86,HOGAR
1445,24,ROPA
1446,88,
1447,26,ELECTRONICA
1448,77,ROPA
1449,72,ELECTRONICA
1450,30,HOGAR
1451,28,ELECTRONICA
1452,-6,HOGAR
1453,68,
1454,68,ELECTRONICA
1455,-1,ELECTRONICA
1456,65,ELECTRONICA
1457,73,ROPA
1458,74,
1459,91,ROPA
1460,12,
1461,30,
1462,52,ELECTRONICA
1463,97,ROPA
1464,80,ELECTRONICA
1465,15,ROPA
1466,85,
1467,31,ELECTRONICA
1468,38,ELECTRONICA
1469,17,ELECTRONICA
1470,39,ROPA
1471,51,HOGAR
1472,12,HOGAR
1473,61,ELECTRONICA
1474,9,ELECTRONICA
1475,-8,ROPA
1476,70,
1477,7,ROPA
1478,26,ROPA
1479,-1,ROPA
1480,68,ELECTRONICA
1481,-5,ROPA
1482,50,ROPA
1483,90,ROPA
1484,79,
1485,1,ELECTRONICA
1486,-9,HOGAR
1487,61,HOGAR
1488,0,ELECTRONICA
1489,54,HOGAR
1490,42,HOGAR
1491,10,ELECTRONICA
1492,9,
1493,82,
1494,17,ELECTRONICA
1495,72,ELECTRONICA
1496,36,ROPA
1497,94,ROPA
1498,74,HOGAR
1499,0,
1500,5,HOGAR
1501,83,
1502,26,HOGAR
1503,27,
1504,28,ELECTRONICA
1505,55,HOGAR
1506,80,HOGAR
1507,0,ELECTRONICA
1508,-3,ELECTRONICA
1509,74,ELECTRONICA
1510,63,ROPA
1511,-10,HOGAR
1512,66,
1513,63,
1514,78,ELECTRONICA
1515,69,HOGAR
1516,66,
1517,-8,HOGAR
1518,46,ELECTRONICA
1519,95,ELECTRONICA
1520,28,HOGAR
1521,76,
1522,21,ROPA
1523,11,
1524,22,ROPA
1525,56,HOGAR
1526,51,ROPA
1527,80,ROPA
1528,73,ELECTRONICA
1529,95,HOGAR
1530,98,ELECTRONICA
1531,96,HOGAR
1532,-6,
1533,34,ROPA
1534,68,ELECTRONICA
1535,29,
1536,-6,ELECTRONICA
1537,52,HOGAR
1538,96,HOGAR
1539,18,ELECTRONICA
1540,23,HOGAR
1541,71,HOGAR
1542,96,HOGAR
1543,78,HOGAR
1544,27,ROPA
1545,52,ROPA
1546,43,HOGAR
1547,28,HOGAR
1548,15,ROPA
1549,71,HOGAR
1550,30,ROPA
1551,82,ELECTRONICA
1552,23,
1553,30,ELECTRONICA
1554,15,ELECTRONICA
1555,-4,
1556,71,ELECTRONICA
1557,69,HOGAR
1558,38,HOGAR
1559,83,ROPA
1560,96,HOGAR
1561,63,ROPA
1562,85,HOGAR
1563,7,ELECTRONICA
1564,23,ELECTRONICA
1565,69,ELECTRONICA
1566,-8,
1567,31,ROPA
1568,41,ROPA
1569,63,ELECTRONICA
1570,27,ROPA
1571,49,ELECTRONICA
1572,39,ELECTRONICA
1573,60,HOGAR
1574,6,ROPA
1575,71,ELECTRONICA
1576,97,HOGAR
1577,100,ROPA
1578,6,ROPA
1579,-1,HOGAR
1580,-8,ELECTRONICA
1581,4,ELECTRONICA
1582,-5,HOGAR
1583,60,ELECTRONICA
1584,10,ROPA
1585,45,ELECTRONICA
1586,16,HOGAR
1587,-10,
1588,-9,
1589,75,ELECTRONICA
1590,61,ELECTRONICA
1591,81,ROPA
1592,-1,ROPA
1593,-8,ROPA
1594,62,HOGAR
1595,-10,
1596,83,HOGAR
1597,20,ELECTRONICA
1598,75,ROPA
1599,83,HOGAR
1600,93,
1601,95,ELECTRONICA
1602,43,ROPA
1603,32,HOGAR
1604,96,ROPA
1605,-2,ELECTRONICA
1606,81,
1607,91,ELECTRONICA
1608,84,HOGAR
1609,92,ELECTRONICA
1610,-7,ELECTRONICA
1611,8,ROPA
1612,19,
1613,2,ROPA
1614,-7,HOGAR
1615,35,ROPA
1616,71,
1617,75,ELECTRONICA
1618,61,ROPA
1619,13,ROPA
1620,16,
1621,86,ROPA
1622,95,ELECTRONICA
1623,71,ROPA
1624,55,ELECTRONICA
1625,-1,
1626,13,ROPA
1627,41,ELECTRONICA
1628,22,ROPA
1629,74,
1630,41,ELECTRONICA
1631,21,
1632,6,ROPA
1633,1,ROPA
1634,0,HOGAR
1635,51,
1636,-2,ELECTRONICA
1637,-3,ROPA
1638,74,ROPA
1639,92,ELECTRONICA
1640,59,HOGAR
1641,80,HOGAR
1642,7,HOGAR
1643,40,ROPA
1644,-3,ELECTRONICA
1645,23,HOGAR
1646,22,ROPA
1647,60,
1648,85,HOGAR
1649,29,ELECTRONICA
1650,62,ROPA
1651,50,ROPA
1652,9,ELECTRONICA
1653,67,ELECTRONICA
1654,-10,HOGAR
1655,-3,ELECTRONICA
1656,19,ELECTRONICA
1657,57,ELECTRONICA
1658,7,ROPA
1659,38,
1660,58,
1661,5,ELECTRONICA
1662,84,HOGAR
1663,23,HOGAR
1664,20,HOGAR
1665,48,HOGAR
1666,6,ELECTRONICA
1667,45,HOGAR
1668,-5,ELECTRONICA
1669,9,ROPA
1670,70,HOGAR
1671,19,ELECTRONICA
1672,71,
1673,2,ROPA
1674,70,ROPA
1675,75,ELECTRONICA
1676,-7,HOGAR
1677,54,
1678,55,ROPA
1679,9,ELECTRONICA
1680,33,ELECTRONICA
1681,63,HOGAR
1682,29,HOGAR
1683,33,
1684,63,ELECTRONICA
1685,78,HOGAR
1686,75,ELECTRONICA
1687,93,
1688,10,ELECTRONICA
1689,-3,ELECTRONICA
1690,9,ROPA
1691,34,ELECTRONICA
1692,34,ROPA
1693,38,
1694,64,ROPA
1695,16,
1696,64,ELECTRONICA
1697,79,HOGAR
1698,85,ELECTRONICA
1699,76,HOGAR
1700,91,ROPA
1701,-4,HOGAR
1702,47,HOGAR
1703,100,ELECTRONICA
1704,42,ROPA
1705,68,HOGAR
1706,27,ROPA
1707,83,ROPA
1708,-7,ROPA
1709,84,HOGAR
1710,33,
1711,29,ROPA
1712,53,HOGAR
1713,22,ELECTRONICA
1714,-4,ELECTRONICA
1715,79,HOGAR
1716,57,HOGAR
1717,72,ROPA
1718,96,ROPA
1719,54,
1720,98,
1721,21,HOGAR
1722,97,ROPA
1723,81,ELECTRONICA
1724,79,ROPA
1725,34,HOGAR
1726,22,HOGAR
1727,17,ELECTRONICA
1728,-3,ROPA
1729,75,HOGAR
1730,58,HOGAR
1731,41,ROPA
1732,73,ELECTRONICA
1733,94,
1734,99,HOGAR
1735,23,
1736,68,ELECTRONICA
1737,98,HOGAR
1738,44,ELECTRONICA
1739,10,
1740,-8,
1741,56,
1742,-3,ROPA
1743,96,HOGAR
1744,65,ROPA
1745,51,HOGAR
1746,95,ELECTRONICA
1747,9,ROPA
1748,69,ELECTRONICA
1749,34,ELECTRONICA
1750,26,ROPA
1751,56,ELECTRONICA
1752,72,ROPA
1753,31,ELECTRONICA
1754,84,ELECTRONICA
1755,70,ROPA
1756,72,ROPA
1757,76,ELECTRONICA
1758,36,ROPA
1759,-7,ELECTRONICA
1760,70,ELECTRONICA
1761,-3,ROPA
1762,38,HOGAR
1763,59,ROPA
1764,1,
1765,34,ROPA
1766,14,ELECTRONICA
1767,63,ROPA
1768,-1,HOGAR
1769,4,ELECTRONICA
1770,11,ELECTRONICA
1771,51,ELECTRONICA
1772,-3,ROPA
1773,68,HOGAR
1774,89,ELECTRONICA
1775,0,
1776,90,ROPA
1777,69,ROPA
1778,32,
1779,47,
1780,38,
1781,36,HOGAR
1782,24,
1783,18,HOGAR
1784,5,ELECTRONICA
1785,-7,ROPA
1786,61,ELECTRONICA
1787,93,ELECTRONICA
1788,2,
1789,91,ELECTRONICA
1790,82,ELECTRONICA
1791,71,
1792,55,HOGAR
1793,80,HOGAR
1794,78,HOGAR
1795,8,ELECTRONICA
1796,58,ROPA
1797,16,
1798,40,
1799,92,
1800,3,HOGAR
1801,-6,ROPA
1802,73,ELECTRONICA
1803,98,ROPA
1804,49,ELECTRONICA
1805,-7,ROPA
1806,88,ELECTRONICA
1807,18,ROPA
1808,56,ROPA
1809,70,ELECTRONICA
1810,63,ELECTRONICA
1811,25,ROPA
1812,92,HOGAR
1813,-7,ELECTRONICA
1814,57,HOGAR
1815,-2,ELECTRONICA
1816,33,ROPA
1817,99,ROPA
1818,42,ELECTRONICA
1819,88,ELECTRONICA
1820,10,HOGAR
1821,39,ROPA
1822,78,ELECTRONICA
1823,-10,ELECTRONICA
1824,55,ELECTRONICA
1825,-7,ELECTRONICA
1826,53,ROPA
1827,100,HOGAR
1828,60,ELECTRONICA
1829,5,ROPA
1830,7,ROPA
1831,10,HOGAR
1832,6,ROPA
1833,54,HOGAR
1834,5,HOGAR
1835,74,
1836,56,
1837,74,ROPA
1838,21,ROPA
1839,-3,HOGAR
1840,-3,ELECTRONICA
1841,-10,HOGAR
1842,5,HOGAR
1843,91,ROPA
1844,49,ROPA
1845,31,HOGAR
1846,32,ELECTRONICA
1847,20,HOGAR
1848,11,HOGAR
1849,42,ROPA
1850,-8,HOGAR
1851,59,
1852,53,HOGAR
1853,99,HOGAR
1854,95,ROPA
1855,89,ROPA
1856,7,ROPA
1857,48,ELECTRONICA
1858,84,HOGAR
1859,26,ROPA
1860,100,ELECTRONICA
1861,98,
1862,74,ROPA
1863,97,ROPA
1864,-8,HOGAR
1865,86,ROPA
1866,26,ELECTRONICA
1867,7,ELECTRONICA
1868,73,ROPA
1869,83,ELECTRONICA
1870,87,ROPA
1871,52,
1872,26,ROPA
1873,46,ELECTRONICA
1874,-3,
1875,29,
1876,36,HOGAR
1877,85,HOGAR
1878,52,ROPA
1879,56,ROPA
1880,79,HOGAR
1881,89,HOGAR
1882,-3,ROPA
1883,11,ELECTRONICA
1884,72,HOGAR
1885,75,ROPA
1886,99,HOGAR
1887,38,ELECTRONICA
1888,41,HOGAR
1889,4,ROPA
1890,56,
1891,21,ROPA
1892,41,ROPA
1893,36,HOGAR
1894,64,
1895,29,HOGAR
1896,50,HOGAR
1897,0,ROPA
1898,65,HOGAR
1899,-2,ROPA
1900,-3,
1901,34,ROPA
1902,46,ELECTRONICA
1903,11,ROPA
1904,-4,ELECTRONICA
1905,18,HOGAR
1906,45,
1907,-3,ELECTRONICA
1908,66,ROPA
1909,19,HOGAR
1910,84,ROPA
1911,99,ROPA
1912,95,ELECTRONICA
1913,63,ELECTRONICA
1914,52,ELECTRONICA
1915,20,HOGAR
1916,83,ELECTRONICA
1917,49,ELECTRONICA
1918,82,ELECTRONICA
1919,74,HOGAR
1920,51,ROPA
1921,-3,HOGAR
1922,88,
1923,61,ROPA
1924,56,ELECTRONICA
1925,16,ELECTRONICA
1926,0,HOGAR
1927,32,ELECTRONICA
1928,89,ELECTRONICA
1929,79,HOGAR
1930,73,ROPA
1931,-1,HOGAR
1932,-9,ROPA
1933,71,ELECTRONICA
1934,15,ROPA
1935,71,
1936,31,HOGAR
1937,-5,ROPA
1938,43,ELECTRONICA
1939,74,ELECTRONICA
1940,36,HOGAR
1941,25,ELECTRONICA
1942,98,HOGAR
1943,0,ROPA
1944,1,HOGAR
1945,7,HOGAR
1946,27,HOGAR
1947,96,ELECTRONICA
1948,-1,
1949,43,ELECTRONICA
1950,-9,ELECTRONICA
1951,89,ROPA
1952,-3,HOGAR
1953,-8,ELECTRONICA
1954,55,ELECTRONICA
1955,71,
1956,70,HOGAR
1957,11,ROPA
1958,27,ELECTRONICA
1959,87,ELECTRONICA
1960,79,
1961,96,ELECTRONICA
1962,12,
1963,97,ROPA
1964,54,ROPA
1965,38,HOGAR
1966,50,HOGAR
1967,100,ELECTRONICA
1968,12,ROPA
1969,18,
1970,61,HOGAR
1971,27,ELECTRONICA
1972,11,HOGAR
1973,61,ROPA
1974,97,HOGAR
1975,22,ELECTRONICA
1976,-3,HOGAR
1977,32,HOGAR
1978,33,ELECTRONICA
1979,65,ROPA
1980,70,ROPA
1981,42,ROPA
1982,41,HOGAR
1983,84,ELECTRONICA
1984,81,
1985,69,HOGAR
1986,-5,ROPA
1987,81,HOGAR
1988,99,
1989,57,ROPA
1990,37,HOGAR
1991,0,HOGAR
1992,17,ELECTRONICA
1993,93,ELECTRONICA
1994,63,ELECTRONICA
1995,5,ELECTRONICA
1996,43,
1997,-4,ELECTRONICA
1998,-7,ELECTRONICA
1999,44,HOGAR
2000,-3,ELECTRONICA
2001,12,ROPA
2002,-4,ELECTRONICA
2003,85,HOGAR
2004,3,ELECTRONICA
2005,25,HOGAR
2006,-7,ELECTRONICA
2007,77,ELECTRONICA
2008,64,HOGAR
2009,53,
2010,61,
2011,69,
2012,99,HOGAR
2013,98,
2014,39,HOGAR
2015,59,ELECTRONICA
2016,-8,ELECTRONICA
2017,82,ROPA
2018,44,HOGAR
2019,55,ROPA
2020,17,ROPA
2021,83,ELECTRONICA
2022,74,
2023,80,
2024,15,ELECTRONICA
2025,54,ROPA
2026,76,ROPA
2027,29,
2028,20,ELECTRONICA
2029,35,ROPA
2030,26,HOGAR
2031,73,ELECTRONICA
2032,49,ROPA
2033,18,HOGAR
2034,74,
2035,75,
2036,95,
2037,91,ROPA
2038,50,HOGAR
2039,-10,
2040,54,
2041,20,HOGAR
2042,93,ROPA
2043,67,HOGAR
2044,77,ROPA
2045,69,HOGAR
2046,-2,ELECTRONICA
2047,89,ELECTRONICA
2048,49,HOGAR
2049,88,HOGAR
2050,7,ELECTRONICA
2051,31,ROPA
2052,26,
2053,86,
2054,9,ROPA
2055,42,ELECTRONICA
2056,79,HOGAR
2057,58,HOGAR
2058,72,ELECTRONICA
2059,27,ELECTRONICA
2060,37,ELECTRONICA
2061,-8,ROPA
2062,90,ROPA
2063,52,ROPA
2064,39,ELECTRONICA
2065,70,
2066,95,ELECTRONICA
2067,100,ROPA
2068,89,ELECTRONICA
2069,50,
2070,76,HOGAR
2071,45,ROPA
2072,88,
2073,44,HOGAR
2074,9,ELECTRONICA
2075,34,ELECTRONICA
2076,7,HOGAR
2077,-10,ROPA
2078,47,HOGAR
2079,61,ELECTRONICA
2080,9,HOGAR
2081,31,ROPA
2082,10,ELECTRONICA
2083,79,
2084,13,ROPA
2085,69,ELECTRONICA
2086,65,
2087,9,ELECTRONICA
2088,38,ELECTRONICA
2089,83,ELECTRONICA
2090,16,
2091,96,ELECTRONICA
2092,20,HOGAR
2093,12,ELECTRONICA
2094,8,
2095,3,ELECTRONICA
2096,80,ROPA
2097,89,ELECTRONICA
2098,74,HOGAR
2099,96,ELECTRONICA
2100,20,HOGAR
2101,73,HOGAR
2102,5,ROPA
2103,45,
2104,26,ROPA
2105,12,ROPA
2106,98,
2107,88,ROPA
2108,59,HOGAR
2109,84,ELECTRONICA
2110,68,HOGAR
2111,95,ELECTRONICA
2112,79,ROPA
2113,-3,ROPA
2114,45,HOGAR
2115,-6,HOGAR
2116,45,ROPA
2117,45,HOGAR
2118,80,
2119,35,ROPA
2120,0,ELECTRONICA
2121,76,
2122,52,
2123,0,ELECTRONICA
2124,89,HOGAR
2125,48,ELECTRONICA
2126,-6,ROPA
2127,-3,HOGAR
2128,87,ELECTRONICA
2129,32,ROPA
2130,2,ELECTRONICA
2131,95,ELECTRONICA
2132,0,HOGAR
2133,76,
2134,51,HOGAR
2135,39,ELECTRONICA
2136,98,ROPA
2137,68,HOGAR
2138,80,
2139,44,HOGAR
2140,8,ROPA
2141,68,ELECTRONICA
2142,63,HOGAR
2143,98,ELECTRONICA
2144,46,ROPA
2145,49,HOGAR
2146,-2,HOGAR
2147,7,HOGAR
2148,-9,
2149,84,ELECTRONICA
2150,52,ROPA
2151,24,HOGAR
2152,-4,ELECTRONICA
2153,64,ROPA
2154,91,HOGAR
2155,79,ROPA
2156,37,ELECTRONICA
2157,89,ELECTRONICA
2158,25,ROPA
2159,90,HOGAR
2160,99,ROPA
2161,47,HOGAR
2162,42,ROPA
2163,53,HOGAR
2164,63,HOGAR
2165,69,ROPA
2166,94,ELECTRONICA
2167,32,
2168,19,HOGAR
2169,20,ELECTRONICA
2170,-8,ROPA
2171,73,HOGAR
2172,3,ELECTRONICA
2173,23,ELECTRONICA
2174,11,ELECTRONICA
2175,47,ELECTRONICA
2176,41,ROPA
2177,25,ROPA
2178,50,ROPA
2179,21,HOGAR
2180,82,ROPA
2181,-4,ROPA
2182,52,ELECTRONICA
2183,44,
2184,24,HOGAR
2185,66,HOGAR
2186,9,ROPA
2187,19,HOGAR
2188,-2,
2189,61,ELECTRONICA
2190,79,HOGAR
2191,100,ELECTRONICA
2192,96,HOGAR
2193,86,HOGAR
2194,-4,ELECTRONICA
2195,-1,HOGAR
2196,70,HOGAR
2197,39,ROPA
2198,71,ELECTRONICA
2199,83,
2200,87,ELECTRONICA
2201,45,ELECTRONICA
2202,22,ROPA
2203,25,ROPA
2204,9,ROPA
2205,43,ROPA
2206,36,ELECTRONICA
2207,92,
2208,18,
2209,30,ROPA
2210,35,ELECTRONICA
2211,83,ROPA
2212,12,
2213,49,ROPA
2214,48,ROPA
2215,13,ELECTRONICA
2216,57,ELECTRONICA
2217,31,ROPA
2218,100,ELECTRONICA
2219,86,ROPA
2220,45,
2221,25,HOGAR
2222,40,ROPA
2223,85,
2224,74,ROPA
2225,17,ROPA
2226,-1,HOGAR
2227,44,ROPA
2228,81,ELECTRONICA
2229,8,
2230,89,
2231,77,ELECTRONICA
2232,8,HOGAR
2233,11,ELECTRONICA
2234,12,ELECTRONICA
2235,-3,ELECTRONICA
2236,38,ELECTRONICA
2237,-2,ELECTRONICA
2238,79,ROPA
2239,88,HOGAR
2240,73,ELECTRONICA
2241,18,HOGAR
2242,59,ROPA
2243,29,
2244,10,
2245,23,ROPA
2246,88,
2247,17,ELECTRONICA
2248,85,ROPA
2249,99,HOGAR
2250,95,HOGAR
2251,69,ELECTRONICA
2252,5,ELECTRONICA
2253,68,ROPA
2254,77,
2255,65,
2256,89,ELECTRONICA
2257,47,HOGAR
2258,30,HOGAR
2259,-1,ELECTRONICA
2260,71,HOGAR
2261,-3,ROPA
2262,-5,ROPA
2263,-2,HOGAR
2264,43,ELECTRONICA
2265,21,ROPA
2266,29,ELECTRONICA
2267,37,HOGAR
2268,68,
2269,78,ELECTRONICA
2270,92,ELECTRONICA
2271,76,HOGAR
2272,-3,HOGAR
2273,62,
2274,82,HOGAR
2275,44,ROPA
2276,55,ROPA
2277,20,ROPA
2278,39,ROPA
2279,59,HOGAR
2280,75,ROPA
2281,67,
2282,97,HOGAR
2283,37,ROPA
2284,75,HOGAR
2285,58,ELECTRONICA
2286,52,ROPA
2287,75,HOGAR
2288,-2,ELECTRONICA
2289,55,
2290,41,HOGAR
2291,66,HOGAR
2292,55,ROPA
2293,50,HOGAR
2294,3,
2295,51,HOGAR
2296,24,ELECTRONICA
2297,72,HOGAR
2298,10,
2299,11,ELECTRONICA
2300,38,ELECTRONICA
2301,98,ELECTRONICA
2302,46,ELECTRONICA
2303,11,HOGAR
2304,84,ROPA
2305,67,ELECTRONICA
2306,19,ROPA
2307,16,
2308,-6,HOGAR
2309,87,
2310,38,HOGAR
2311,39,ROPA
2312,-10,ELECTRONICA
2313,73,ELECTRONICA
2314,89,ROPA
2315,24,HOGAR
2316,38,ELECTRONICA
2317,83,HOGAR
2318,38,ROPA
2319,64,ROPA
2320,16,HOGAR
2321,7,HOGAR
2322,85,ELECTRONICA
2323,15,ROPA
2324,70,
2325,61,ELECTRONICA
2326,16,ROPA
2327,-10,HOGAR
2328,45,ELECTRONICA
2329,93,HOGAR
2330,91,ROPA
2331,43,ROPA
2332,68,ROPA
2333,2,ROPA
2334,90,ELECTRONICA
2335,48,ROPA
2336,68,ELECTRONICA
2337,21,HOGAR
2338,66,ELECTRONICA
2339,62,ROPA
2340,21,ROPA
2341,24,HOGAR
2342,21,
2343,13,HOGAR
2344,73,ROPA
2345,42,HOGAR
2346,63,
2347,21,ROPA
2348,46,ROPA
2349,10,
2350,99,HOGAR
2351,66,HOGAR
2352,51,
2353,-10,ROPA
2354,83,HOGAR
2355,18,HOGAR
2356,26,ELECTRONICA
2357,100,HOGAR
2358,48,HOGAR
2359,-6,
2360,52,ELECTRONICA
2361,-10,ELECTRONICA
2362,3,ROPA
2363,-9,HOGAR
2364,9,ROPA
2365,73,
2366,13,ELECTRONICA
2367,57,HOGAR
2368,79,ROPA
2369,95,ROPA
2370,54,ROPA
2371,42,HOGAR
2372,65,HOGAR
2373,54,ELECTRONICA
2374,48,
2375,53,HOGAR
2376,47,
2377,84,HOGAR
2378,76,
2379,77,ROPA
2380,71,ROPA
2381,4,HOGAR
2382,61,ELECTRONICA
2383,85,HOGAR
2384,38,
2385,5,HOGAR
2386,61,
2387,48,ROPA
2388,9,ELECTRONICA
2389,96,ELECTRONICA
2390,59,ELECTRONICA
2391,60,ROPA
2392,72,ELECTRONICA
2393,71,ROPA
2394,74,ROPA
2395,85,ROPA
2396,99,ROPA
2397,46,
2398,4,HOGAR
2399,-5,ROPA
2400,31,HOGAR
2401,71,ELECTRONICA
2402,83,
2403,29,HOGAR
2404,31,
2405,15,ELECTRONICA
2406,72,HOGAR
2407,7,
2408,16,HOGAR
2409,3,ELECTRONICA
2410,37,ELECTRONICA
2411,97,ELECTRONICA
2412,72,ROPA
2413,-1,
2414,75,HOGAR
2415,33,HOGAR
2416,82,ROPA
2417,87,HOGAR
2418,10,ELECTRONICA
2419,56,ROPA
2420,48,
2421,74,ROPA
2422,5,HOGAR
2423,95,ROPA
2424,98,ELECTRONICA
2425,69,ELECTRONICA
2426,19,HOGAR
2427,39,HOGAR
2428,97,
2429,16,ROPA
2430,98,HOGAR
2431,59,
2432,80,ELECTRONICA
2433,7,HOGAR
2434,5,ROPA
2435,68,HOGAR
2436,83,ROPA
2437,68,ROPA
2438,-9,ROPA
2439,-5,ELECTRONICA
2440,17,ROPA
2441,95,ROPA
2442,21,HOGAR
2443,6,ELECTRONICA
2444,-6,ROPA
2445,18,
2446,78,
2447,84,ELECTRONICA
2448,92,ELECTRONICA
2449,22,HOGAR
2450,66,ELECTRONICA
2451,61,ELECTRONICA
2452,18,ELECTRONICA
2453,34,ROPA
2454,1,HOGAR
2455,78,HOGAR
2456,79,ELECTRONICA
2457,87,ELECTRONICA
2458,80,HOGAR
2459,58,ELECTRONICA
2460,51,ROPA
2461,63,ELECTRONICA
2462,50,HOGAR
2463,18,ELECTRONICA
2464,49,ROPA
2465,-6,
2466,3,ROPA
2467,0,ELECTRONICA
2468,77,HOGAR
2469,25,
2470,62,
2471,-3,
2472,5,ROPA
2473,11,ROPA
2474,58,ROPA
2475,68,HOGAR
2476,-9,HOGAR
2477,8,HOGAR
2478,56,HOGAR
2479,11,
2480,68,ELECTRONICA
2481,-3,ELECTRONICA
2482,32,ROPA
2483,27,
2484,41,
2485,39,ROPA
2486,84,ELECTRONICA
2487,47,ELECTRONICA
2488,53,ROPA
2489,71,ELECTRONICA
2490,1,ELECTRONICA
2491,13,HOGAR
2492,94,ELECTRONICA
2493,27,HOGAR
2494,12,HOGAR
2495,59,ELECTRONICA
2496,21,ROPA
2497,91,ROPA
2498,52,ELECTRONICA
2499,68,ROPA
2500,91,
2501,28,
2502,41,HOGAR
2503,75,ELECTRONICA
2504,48,ROPA
2505,51,HOGAR
2506,98,ELECTRONICA
2507,63,ROPA
2508,14,
2509,95,
2510,56,HOGAR
2511,41,HOGAR
2512,41,
2513,71,ELECTRONICA
2514,88,ELECTRONICA
2515,44,ROPA
2516,21,ROPA
2517,34,ROPA
2518,31,ELECTRONICA
2519,3,
2520,88,HOGAR
2521,69,ROPA
2522,82,ROPA
2523,4,HOGAR
2524,81,
2525,57,ELECTRONICA
2526,99,HOGAR
2527,77,
2528,-10,HOGAR
2529,43,HOGAR
2530,71,ROPA
2531,26,
2532,92,HOGAR
2533,59,ELECTRONICA
2534,100,ELECTRONICA
2535,30,ELECTRONICA
2536,3,ROPA
2537,37,HOGAR
2538,47,HOGAR
2539,73,HOGAR
2540,65,HOGAR
2541,81,ELECTRONICA
2542,54,
2543,-8,ROPA
2544,67,ROPA
2545,49,ELECTRONICA
2546,95,HOGAR
2547,3,HOGAR
2548,59,HOGAR
2549,97,ELECTRONICA
2550,-9,
2551,71,ELECTRONICA
2552,27,
2553,39,ROPA
2554,-3,ROPA
2555,7,
2556,58,ELECTRONICA
2557,14,ROPA
2558,1,ELECTRONICA
2559,92,HOGAR
2560,60,ELECTRONICA
2561,-9,HOGAR
2562,-5,ELECTRONICA
2563,75,HOGAR
2564,1,HOGAR
2565,6,ROPA
2566,34,ELECTRONICA
2567,70,
2568,42,ELECTRONICA
2569,64,ROPA
2570,60,ROPA
2571,26,ELECTRONICA
2572,62,HOGAR
2573,89,ELECTRONICA
2574,90,HOGAR
2575,28,HOGAR
2576,1,HOGAR
2577,10,ELECTRONICA
2578,46,
2579,56,ROPA
2580,60,ELECTRONICA
2581,88,HOGAR
2582,69,HOGAR
2583,89,
2584,31,HOGAR
2585,44,ELECTRONICA
2586,68,ROPA
2587,55,HOGAR
2588,82,
2589,34,ROPA
2590,58,
2591,48,
2592,66,
2593,68,ROPA
2594,-8,HOGAR
2595,32,ROPA
2596,1,ROPA
2597,29,HOGAR
2598,29,HOGAR
2599,34,
2600,45,ROPA
2601,17,HOGAR
2602,82,HOGAR
2603,50,ELECTRONICA
2604,60,HOGAR
2605,11,ELECTRONICA
2606,-5,ROPA
2607,78,ROPA
2608,59,ROPA
2609,80,HOGAR
2610,33,
2611,89,ELECTRONICA
2612,54,ROPA
2613,98,HOGAR
2614,-6,ROPA
2615,2,ROPA
2616,91,
2617,11,HOGAR
2618,5,HOGAR
2619,81,HOGAR
2620,14,ROPA
2621,69,ELECTRONICA
2622,24,ELECTRONICA
2623,64,ELECTRONICA
2624,10,ROPA
2625,34,HOGAR
2626,8,ELECTRONICA
2627,29,ELECTRONICA
2628,-1,ELECTRONICA
2629,74,ELECTRONICA
2630,3,ELECTRONICA
2631,9,ELECTRONICA
2632,55,
2633,95,HOGAR
2634,41,ELECTRONICA
2635,61,HOGAR
2636,90,HOGAR
2637,13,HOGAR
2638,17,ROPA
2639,84,HOGAR
2640,52,ROPA
2641,88,ELECTRONICA
2642,56,
2643,-5,
2644,-4,ROPA
2645,41,ELECTRONICA
2646,45,ROPA
2647,76,HOGAR
2648,6,HOGAR
2649,97,ROPA
2650,61,ROPA
2651,58,ROPA
2652,34,
2653,20,HOGAR
2654,64,ROPA
2655,-7,
2656,29,ROPA
2657,39,ELECTRONICA
2658,46,ELECTRONICA
2659,14,ROPA
2660,16,
2661,54,ELECTRONICA
2662,31,ROPA
2663,8,ELECTRONICA
2664,61,ROPA
2665,34,ROPA
2666,100,ELECTRONICA
2667,47,HOGAR
2668,73,
2669,23,ELECTRONICA
2670,27,ELECTRONICA
2671,-1,ROPA
2672,28,ELECTRONICA
2673,-7,ROPA
2674,5,ELECTRONICA
2675,39,HOGAR
2676,50,
2677,56,
2678,40,ELECTRONICA
2679,55,
2680,50,ROPA
2681,71,HOGAR
2682,55,
2683,45,ROPA
2684,-2,ELECTRONICA
2685,80,ELECTRONICA
2686,2,
2687,10,ROPA
2688,81,ELECTRONICA
2689,86,
2690,12,
2691,71,ROPA
2692,80,HOGAR
2693,-9,ELECTRONICA
2694,28,ROPA
2695,94,HOGAR
2696,82,HOGAR
2697,41,ROPA
2698,9,HOGAR
2699,72,ELECTRONICA
2700,58,HOGAR
2701,-6,ROPA
2702,94,ROPA
2703,69,HOGAR
2704,67,ELECTRONICA
2705,77,ELECTRONICA
2706,13,
2707,-3,
2708,68,ELECTRONICA
2709,15,HOGAR
2710,47,
2711,100,ELECTRONICA
2712,61,ELECTRONICA
2713,19,ROPA
2714,7,HOGAR
2715,38,HOGAR
2716,39,HOGAR
2717,45,ROPA
2718,53,ROPA
2719,61,ELECTRONICA
2720,51,ELECTRONICA
2721,24,HOGAR
2722,-4,ROPA
2723,55,
2724,91,HOGAR
2725,65,ROPA
2726,41,ELECTRONICA
2727,66,ROPA
2728,66,ELECTRONICA
2729,93,ROPA
2730,18,ELECTRONICA
2731,16,ELECTRONICA
2732,27,HOGAR
2733,39,HOGAR
2734,81,ROPA
2735,4,ELECTRONICA
2736,68,ROPA
2737,-9,
2738,27,HOGAR
2739,9,ELECTRONICA
2740,12,ROPA
2741,39,
2742,97,ELECTRONICA
2743,86,ROPA
2744,36,
2745,77,ELECTRONICA
2746,43,
2747,31,ELECTRONICA
2748,16,HOGAR
2749,29,ELECTRONICA
2750,-9,HOGAR
2751,1,
2752,74,
2753,63,ROPA
2754,73,ROPA
2755,21,HOGAR
2756,-8,ROPA
2757,81,HOGAR
2758,80,ELECTRONICA
2759,4,HOGAR
2760,66,ROPA
2761,45,ROPA
2762,55,ELECTRONICA
2763,-1,ROPA
2764,-10,ROPA
2765,-8,HOGAR
2766,61,ROPA
2767,40,
2768,60,HOGAR
2769,83,ELECTRONICA
2770,26,ELECTRONICA
2771,17,ROPA
2772,88,ROPA
2773,37,
2774,19,
2775,28,
2776,-10,HOGAR
2777,-6,ROPA
2778,21,ROPA
2779,18,
2780,63,ELECTRONICA
2781,6,HOGAR
2782,43,ROPA
2783,76,HOGAR
2784,22,
2785,34,ROPA
2786,71,HOGAR
2787,88,HOGAR
2788,37,HOGAR
2789,76,
2790,48,HOGAR
2791,82,
2792,64,ROPA
2793,38,ROPA
2794,35,HOGAR
2795,-3,ROPA
2796,11,
2797,15,ROPA
2798,77,ELECTRONICA
2799,68,
2800,60,ELECTRONICA
2801,65,ROPA
2802,83,
2803,1,ROPA
2804,13,ROPA
2805,-4,HOGAR
2806,15,HOGAR
2807,84,HOGAR
2808,99,ROPA
2809,7,
2810,1,
2811,14,ROPA
2812,14,ELECTRONICA
2813,37,ELECTRONICA
2814,0,ROPA
2815,11,HOGAR
2816,91,ROPA
2817,44,ELECTRONICA
2818,-4,HOGAR
2819,34,
2820,5,
2821,37,ELECTRONICA
2822,90,HOGAR
2823,61,ROPA
2824,58,ELECTRONICA
2825,93,ELECTRONICA
2826,40,
2827,39,ELECTRONICA
2828,58,ROPA
2829,-10,HOGAR
2830,38,ROPA
2831,82,ROPA
2832,90,ELECTRONICA
2833,64,ROPA
2834,56,ELECTRONICA
2835,39,ROPA
2836,91,ELECTRONICA
2837,7,ELECTRONICA
2838,30,HOGAR
2839,88,ROPA
2840,63,HOGAR
2841,29,ROPA
2842,61,ELECTRONICA
2843,47,ELECTRONICA
2844,53,HOGAR
2845,98,ELECTRONICA
2846,38,ROPA
2847,88,ELECTRONICA
2848,-9,ELECTRONICA
2849,29,ROPA
2850,91,ROPA
2851,67,ROPA
2852,11,ROPA
2853,99,
2854,64,ROPA
2855,11,HOGAR
2856,54,HOGAR
2857,48,ROPA
2858,22,ELECTRONICA
2859,35,HOGAR
2860,88,ROPA
2861,86,ROPA
2862,21,HOGAR
2863,45,ROPA
2864,77,ELECTRONICA
2865,35,ELECTRONICA
2866,70,ROPA
2867,75,HOGAR
2868,57,ELECTRONICA
2869,34,HOGAR
2870,19,
2871,62,HOGAR
2872,39,ROPA
2873,56,HOGAR
2874,11,ROPA
2875,33,ELECTRONICA
2876,70,ELECTRONICA
2877,12,HOGAR
2878,32,ELECTRONICA
2879,66,HOGAR
2880,51,ELECTRONICA
2881,-5,ELECTRONICA
2882,39,ROPA
2883,96,HOGAR
2884,68,HOGAR
2885,49,
2886,78,HOGAR
2887,55,ELECTRONICA
2888,63,ELECTRONICA
2889,75,ROPA
2890,84,HOGAR
2891,13,HOGAR
2892,28,HOGAR
2893,20,HOGAR
2894,4,HOGAR
2895,81,
2896,58,ROPA
2897,37,ROPA
2898,72,ROPA
2899,64,ROPA
2900,31,ROPA
2901,-3,ELECTRONICA
2902,87,
2903,76,
2904,56,HOGAR
2905,44,HOGAR
2906,72,ROPA
2907,58,ROPA
2908,47,ROPA
2909,65,ELECTRONICA
2910,12,HOGAR
2911,91,HOGAR
2912,7,
2913,44,
2914,9,HOGAR
2915,-8,ROPA
2916,63,ELECTRONICA
2917,82,
2918,4,ELECTRONICA
2919,79,ROPA
2920,61,
2921,61,
2922,23,ELECTRONICA
2923,80,HOGAR
2924,56,ROPA
2925,77,
2926,83,ROPA
2927,6,
2928,71,ROPA
2929,19,HOGAR
2930,60,
2931,38,
2932,67,ELECTRONICA
2933,100,
2934,49,ROPA
2935,33,
2936,97,ROPA
2937,66,HOGAR
2938,87,HOGAR
2939,67,ROPA
2940,34,ELECTRONICA
2941,99,HOGAR
2942,13,ROPA
2943,9,ROPA
2944,30,
2945,-10,ELECTRONICA
2946,16,HOGAR
2947,29,HOGAR
2948,47,ELECTRONICA
2949,66,ROPA
2950,-5,ELECTRONICA
2951,33,
2952,60,HOGAR
2953,69,ROPA
2954,74,ROPA
2955,19,ELECTRONICA
2956,29,ROPA
2957,66,
2958,6,ELECTRONICA
2959,85,ROPA
2960,35,HOGAR
2961,69,ELECTRONICA
2962,100,
2963,-3,HOGAR
2964,58,HOGAR
2965,87,HOGAR
2966,96,ELECTRONICA
2967,15,ELECTRONICA
2968,10,ROPA
2969,18,ELECTRONICA
2970,51,
2971,83,
2972,99,ELECTRONICA
2973,27,ELECTRONICA
2974,3,ROPA
2975,12,ELECTRONICA
2976,88,HOGAR
2977,90,ROPA
2978,-4,HOGAR
2979,54,
2980,90,HOGAR
2981,27,HOGAR
2982,54,ELECTRONICA
2983,19,ROPA
2984,4,
2985,30,ROPA
2986,31,ELECTRONICA
2987,8,ROPA
2988,33,HOGAR
2989,0,ELECTRONICA
2990,24,ROPA
2991,55,
2992,67,ROPA
2993,46,ELECTRONICA
2994,91,HOGAR
2995,88,ROPA
2996,68,ELECTRONICA
2997,56,ELECTRONICA
2998,14,HOGAR
2999,79,
3000,60,ELECTRONICA
3001,76,ELECTRONICA
3002,37,HOGAR
3003,56,
3004,1,
3005,1,HOGAR
3006,85,HOGAR
3007,41,HOGAR
3008,98,HOGAR
3009,29,HOGAR
3010,44,ELECTRONICA
3011,41,ELECTRONICA
3012,41,ELECTRONICA
3013,-1,ROPA
3014,48,ROPA
3015,52,HOGAR
3016,82,ROPA
3017,43,ROPA
3018,65,ROPA
3019,41,HOGAR
3020,-4,ELECTRONICA
3021,46,ELECTRONICA
3022,49,ELECTRONICA
3023,50,ROPA
3024,36,ROPA
3025,7,HOGAR
3026,90,HOGAR
3027,69,ROPA
3028,88,HOGAR
3029,25,HOGAR
3030,53,ROPA
3031,-6,ELECTRONICA
3032,35,ROPA
3033,90,ROPA
3034,87,ELECTRONICA
3035,80,HOGAR
3036,2,HOGAR
3037,46,ELECTRONICA
3038,59,HOGAR
3039,45,ELECTRONICA
3040,9,ELECTRONICA
3041,96,ROPA
3042,32,
3043,95,HOGAR
3044,72,ELECTRONICA
3045,83,HOGAR
3046,52,ELECTRONICA
3047,93,
3048,27,ELECTRONICA
3049,8,HOGAR
3050,58,ELECTRONICA
3051,51,HOGAR
3052,89,HOGAR
3053,44,ELECTRONICA
3054,50,ROPA
3055,94,ELECTRONICA
3056,46,ROPA
3057,65,HOGAR
3058,13,
3059,74,ROPA
3060,99,ELECTRONICA
3061,36,ROPA
3062,80,ELECTRONICA
3063,71,ROPA
3064,82,ROPA
3065,0,ROPA
3066,3,
3067,49,ROPA
3068,-2,ELECTRONICA
3069,14,
3070,69,
3071,93,ELECTRONICA
3072,-10,
3073,60,HOGAR
3074,44,ELECTRONICA
3075,38,HOGAR
3076,14,HOGAR
3077,87,ELECTRONICA
3078,4,HOGAR
3079,87,
3080,100,
3081,25,ELECTRONICA
3082,1,
3083,87,HOGAR
3084,61,HOGAR
3085,25,ELECTRONICA
3086,98,ELECTRONICA
3087,86,ELECTRONICA
3088,65,HOGAR
3089,9,
3090,86,ROPA
3091,-9,ROPA
3092,14,ROPA
3093,63,
3094,100,ELECTRONICA
3095,64,HOGAR
3096,43,ROPA
3097,34,
3098,80,ROPA
3099,74,ELECTRONICA
3100,45,ROPA
3101,10,HOGAR
3102,97,ROPA
3103,50,ROPA
3104,52,ELECTRONICA
3105,29,ELECTRONICA
3106,-7,ELECTRONICA
3107,64,ROPA
3108,41,HOGAR
3109,33,
3110,60,HOGAR
3111,55,HOGAR
3112,63,ROPA
3113,6,HOGAR
3114,17,ELECTRONICA
3115,94,
3116,19,ROPA
3117,2,ELECTRONICA
3118,49,ELECTRONICA
3119,8,ELECTRONICA
3120,65,ROPA
3121,16,ELECTRONICA
3122,93,ELECTRONICA
3123,59,ELECTRONICA
3124,4,ELECTRONICA
3125,77,HOGAR
3126,44,ROPA
3127,30,ROPA
3128,90,ROPA
3129,74,
3130,66,HOGAR
3131,55,ELECTRONICA
3132,16,HOGAR
3133,81,
3134,85,HOGAR
3135,44,ELECTRONICA
3136,7,ROPA
3137,10,ELECTRONICA
3138,35,ROPA
3139,50,HOGAR
3140,-3,HOGAR
3141,57,ELECTRONICA
3142,91,HOGAR
3143,82,
3144,11,ROPA
3145,59,ELECTRONICA
3146,1,ELECTRONICA
3147,47,HOGAR
3148,48,HOGAR
3149,45,ELECTRONICA
3150,-9,ROPA
3151,80,HOGAR
3152,40,
3153,89,HOGAR
3154,83,HOGAR
3155,9,ELECTRONICA
3156,28,ELECTRONICA
3157,-1,ROPA
3158,13,
3159,56,HOGAR
3160,36,HOGAR
3161,82,ROPA
3162,94,ROPA
3163,21,
3164,43,ELECTRONICA
3165,73,
3166,77,HOGAR
3167,16,ELECTRONICA
3168,25,ELECTRONICA
3169,75,
3170,89,ELECTRONICA
3171,22,HOGAR
3172,80,ELECTRONICA
3173,45,HOGAR
3174,9,ROPA
3175,13,ROPA
3176,68,ROPA
3177,75,ROPA
3178,35,
3179,19,ELECTRONICA
3180,41,ROPA
3181,44,
3182,2,ELECTRONICA
3183,90,
3184,60,ROPA
3185,22,ELECTRONICA
3186,70,
3187,-6,ROPA
3188,53,ROPA
3189,-9,
3190,55,ROPA
3191,29,HOGAR
3192,75,ELECTRONICA
3193,9,HOGAR
3194,33,HOGAR
3195,84,
3196,65,HOGAR
3197,4,ROPA
3198,36,ELECTRONICA
3199,44,HOGAR
3200,68,HOGAR
3201,11,ELECTRONICA
3202,17,
3203,-9,ELECTRONICA
3204,80,ELECTRONICA
3205,41,ELECTRONICA
3206,11,ELECTRONICA
3207,95,ELECTRONICA
3208,81,HOGAR
3209,96,ROPA
3210,88,ELECTRONICA
3211,-10,ELECTRONICA
3212,24,ROPA
3213,43,
3214,-6,ROPA
3215,69,ELECTRONICA
3216,42,HOGAR
3217,79,ROPA
3218,14,ROPA
3219,3,HOGAR
3220,31,HOGAR
3221,-5,HOGAR
3222,71,ROPA
3223,46,HOGAR
3224,-7,ROPA
3225,56,HOGAR
3226,59,ELECTRONICA
3227,95,ROPA
3228,20,ROPA
3229,91,ELECTRONICA
3230,28,HOGAR
3231,57,HOGAR
3232,26,ELECTRONICA
3233,85,ROPA
3234,94,ELECTRONICA
3235,5,ELECTRONICA
3236,65,ELECTRONICA
3237,79,ELECTRONICA
3238,94,ROPA
3239,52,ROPA
3240,3,ROPA
3241,68,ELECTRONICA
3242,63,ELECTRONICA
3243,33,HOGAR
3244,43,HOGAR
3245,28,ELECTRONICA
3246,90,ELECTRONICA
3247,63,ELECTRONICA
3248,94,ELECTRONICA
3249,37,ROPA
3250,47,HOGAR
3251,50,
3252,24,ROPA
3253,65,HOGAR
3254,84,ROPA
3255,51,HOGAR
3256,73,ROPA
3257,13,ELECTRONICA
3258,37,ELECTRONICA
3259,79,ELECTRONICA
3260,69,HOGAR
3261,44,HOGAR
3262,37,HOGAR
3263,22,ELECTRONICA
3264,70,ELECTRONICA
3265,93,ELECTRONICA
3266,41,HOGAR
3267,81,HOGAR
3268,34,ROPA
3269,53,ELECTRONICA
3270,35,ROPA
3271,-6,HOGAR
3272,9,HOGAR
3273,10,ROPA
3274,44,
3275,26,HOGAR
3276,51,ELECTRONICA
3277,66,ROPA
3278,5,ELECTRONICA
3279,49,ROPA
3280,79,ROPA
3281,79,ELECTRONICA
3282,29,ELECTRONICA
3283,65,ROPA
3284,72,ELECTRONICA
3285,37,ROPA
3286,10,ELECTRONICA
3287,82,ELECTRONICA
3288,20,
3289,34,ROPA
3290,62,HOGAR
3291,96,ROPA
3292,68,ROPA
3293,35,HOGAR
3294,-7,ROPA
3295,21,ELECTRONICA
3296,58,HOGAR
3297,-10,ROPA
3298,98,ROPA
3299,41,HOGAR
3300,66,ELECTRONICA
3301,54,HOGAR
3302,8,
3303,21,HOGAR
3304,12,ELECTRONICA
3305,72,
3306,37,
3307,45,HOGAR
3308,24,ROPA
3309,15,ELECTRONICA
3310,17,ROPA
3311,34,
3312,61,HOGAR
3313,-2,ELECTRONICA
3314,-5,
3315,60,ELECTRONICA
3316,78,ROPA
3317,9,ELECTRONICA
3318,36,ELECTRONICA
3319,61,HOGAR
3320,61,
3321,28,HOGAR
3322,14,ROPA
3323,5,ROPA
3324,71,ROPA
3325,57,ELECTRONICA
3326,88,
3327,5,HOGAR
3328,37,ELECTRONICA
3329,88,HOGAR
3330,67,ROPA
3331,12,ELECTRONICA
3332,59,HOGAR
3333,40,HOGAR
3334,82,
3335,37,ELECTRONICA
3336,70,ELECTRONICA
3337,25,
3338,57,ELECTRONICA
3339,98,HOGAR
3340,29,HOGAR
3341,8,ROPA
3342,33,HOGAR
3343,36,HOGAR
3344,33,ROPA
3345,26,ROPA
3346,16,ELECTRONICA
3347,86,ROPA
3348,80,ELECTRONICA
3349,79,HOGAR
3350,46,ROPA
3351,29,ELECTRONICA
3352,98,ROPA
3353,0,ROPA
3354,16,ROPA
3355,73,ELECTRONICA
3356,27,ELECTRONICA
3357,100,HOGAR
3358,50,ROPA
3359,86,ROPA
3360,30,HOGAR
3361,76,HOGAR
3362,44,HOGAR
3363,24,ELECTRONICA
3364,53,ROPA
3365,33,ELECTRONICA
3366,76,ELECTRONICA
3367,74,HOGAR
3368,87,ELECTRONICA
3369,11,HOGAR
3370,88,ROPA
3371,99,ELECTRONICA
3372,8,HOGAR
3373,40,ELECTRONICA
3374,46,ELECTRONICA
3375,28,ELECTRONICA
3376,47,HOGAR
3377,64,HOGAR
3378,59,ROPA
3379,26,ROPA
3380,81,ROPA
3381,46,HOGAR
3382,33,HOGAR
3383,47,ELECTRONICA
3384,20,ROPA
3385,90,ROPA
3386,34,HOGAR
3387,20,HOGAR
3388,82,
3389,-4,ELECTRONICA
3390,5,ROPA
3391,28,HOGAR
3392,75,HOGAR
3393,28,ROPA
3394,62,ELECTRONICA
3395,4,HOGAR
3396,79,ROPA
3397,17,HOGAR
3398,44,ELECTRONICA
3399,28,ELECTRONICA
3400,100,ELECTRONICA
3401,49,ELECTRONICA
3402,98,HOGAR
3403,19,HOGAR
3404,95,ROPA
3405,12,ROPA
3406,18,ROPA
3407,50,ROPA
3408,7,
3409,-6,ROPA
3410,46,
3411,87,
3412,-1,ROPA
3413,13,ROPA
3414,33,ROPA
3415,44,ELECTRONICA
3416,96,HOGAR
3417,77,ELECTRONICA
3418,46,ELECTRONICA
3419,60,ELECTRONICA
3420,90,ROPA
3421,36,ELECTRONICA
3422,95,ELECTRONICA
3423,8,HOGAR
3424,30,ROPA
3425,68,HOGAR
3426,-9,ROPA
3427,19,ELECTRONICA
3428,98,HOGAR
3429,57,ROPA
3430,31,ROPA
3431,87,
3432,98,ELECTRONICA
3433,81,
3434,66,HOGAR
3435,27,ELECTRONICA
3436,61,ROPA
3437,-9,ELECTRONICA
3438,43,HOGAR
3439,91,ROPA
3440,33,ELECTRONICA
3441,8,HOGAR
3442,11,ROPA
3443,92,
3444,55,ELECTRONICA
3445,35,ROPA
3446,94,HOGAR
3447,72,HOGAR
3448,80,HOGAR
3449,73,ROPA
3450,60,ELECTRONICA
3451,55,ROPA
3452,100,ELECTRONICA
3453,51,ROPA
3454,84,ELECTRONICA
3455,17,ROPA
3456,46,ROPA
3457,27,ELECTRONICA
3458,25,
3459,19,
3460,15,ROPA
3461,64,ROPA
3462,77,HOGAR
3463,93,HOGAR
3464,3,HOGAR
3465,95,ELECTRONICA
3466,76,
3467,25,
3468,10,HOGAR
3469,50,ROPA
3470,35,HOGAR
3471,100,HOGAR
3472,77,ELECTRONICA
3473,-10,ELECTRONICA
3474,72,
3475,-3,ROPA
3476,90,ROPA
3477,21,
3478,-10,ELECTRONICA
3479,50,HOGAR
3480,11,ELECTRONICA
3481,52,ROPA
3482,30,ELECTRONICA
3483,99,
3484,44,ROPA
3485,61,HOGAR
3486,91,ELECTRONICA
3487,0,HOGAR
3488,65,HOGAR
3489,39,ROPA
3490,25,HOGAR
3491,80,
3492,82,
3493,48,ROPA
3494,26,ELECTRONICA
3495,48,HOGAR
3496,89,HOGAR
3497,9,ELECTRONICA
3498,20,ELECTRONICA
3499,18,ELECTRONICA
3500,57,HOGAR
3501,-3,ROPA
3502,38,ELECTRONICA
3503,55,ELECTRONICA
3504,45,HOGAR
3505,24,ROPA
3506,37,ELECTRONICA
3507,67,HOGAR
3508,57,HOGAR
3509,12,HOGAR
3510,68,
3511,-6,ELECTRONICA
3512,87,
3513,0,ROPA
3514,48,HOGAR
3515,51,
3516,23,HOGAR
3517,37,
3518,55,
3519,1,ELECTRONICA
3520,7,HOGAR
3521,51,ELECTRONICA
3522,-5,
3523,55,ELECTRONICA
3524,63,ELECTRONICA
3525,17,
3526,12,ELECTRONICA
3527,4,
3528,27,HOGAR
3529,25,ROPA
3530,-9,ROPA
3531,44,
3532,83,HOGAR
3533,98,ELECTRONICA
3534,25,HOGAR
3535,86,HOGAR
3536,15,ROPA
3537,83,ROPA
3538,-7,ROPA
3539,88,ELECTRONICA
3540,-9,ROPA
3541,92,
3542,92,HOGAR
3543,41,HOGAR
3544,34,ROPA
3545,75,ROPA
3546,46,ELECTRONICA
3547,-5,ROPA
3548,91,HOGAR
3549,91,
3550,100,ROPA
3551,51,ELECTRONICA
3552,59,ELECTRONICA
3553,41,
3554,94,ROPA
3555,94,ELECTRONICA
3556,15,
3557,1,ROPA
3558,58,ROPA
3559,25,HOGAR
3560,18,ELECTRONICA
3561,70,HOGAR
3562,94,ROPA
3563,81,ROPA
3564,32,ROPA
3565,97,ROPA
3566,72,
3567,43,ROPA
3568,51,
3569,45,ROPA
3570,87,HOGAR
3571,92,ROPA
3572,24,ELECTRONICA
3573,23,ELECTRONICA
3574,7,ROPA
3575,-6,ELECTRONICA
3576,-3,
3577,50,
3578,85,ELECTRONICA
3579,56,ROPA
3580,41,ROPA
3581,31,ELECTRONICA
3582,27,ELECTRONICA
3583,24,ROPA
3584,97,ELECTRONICA
3585,81,ELECTRONICA
3586,52,ROPA
3587,85,ROPA
3588,73,ROPA
3589,57,ROPA
3590,78,ROPA
3591,72,ELECTRONICA
3592,42,ROPA
3593,97,ROPA
3594,72,ELECTRONICA
3595,42,HOGAR
3596,45,HOGAR
3597,35,ELECTRONICA
3598,81,HOGAR
3599,62,HOGAR
3600,61,ELECTRONICA
3601,79,ROPA
3602,-1,
3603,97,HOGAR
3604,71,ROPA
3605,59,
3606,99,HOGAR
3607,20,
3608,9,ROPA
3609,90,HOGAR
3610,29,ROPA
3611,16,ELECTRONICA
3612,66,ELECTRONICA
3613,0,HOGAR
3614,56,ELECTRONICA
3615,74,HOGAR
3616,94,ELECTRONICA
3617,8,HOGAR
3618,37,ELECTRONICA
3619,84,ROPA
3620,21,ELECTRONICA
3621,93,HOGAR
3622,97,ROPA
3623,18,HOGAR
3624,29,HOGAR
3625,47,ROPA
3626,28,ROPA
3627,95,
3628,22,
3629,79,HOGAR
3630,75,ELECTRONICA
3631,90,HOGAR
3632,-8,ELECTRONICA
3633,85,
3634,87,ROPA
3635,35,HOGAR
3636,1,
3637,7,
3638,95,HOGAR
3639,13,ELECTRONICA
3640,-7,ROPA
3641,86,ELECTRONICA
3642,49,ELECTRONICA
3643,54,ELECTRONICA
3644,19,ELECTRONICA
3645,30,
3646,70,ROPA
3647,64,ROPA
3648,64,
3649,10,HOGAR
3650,41,HOGAR
3651,65,HOGAR
3652,33,ELECTRONICA
3653,22,HOGAR
3654,5,ELECTRONICA
3655,54,HOGAR
3656,56,
3657,66,
3658,97,ROPA
3659,35,HOGAR
3660,78,ELECTRONICA
3661,-2,HOGAR
3662,45,ELECTRONICA
3663,25,ROPA
3664,2,
3665,8,ELECTRONICA
3666,-3,ROPA
3667,94,ROPA
3668,44,ELECTRONICA
3669,43,ELECTRONICA
3670,100,HOGAR
3671,16,ROPA
3672,4,ELECTRONICA
3673,30,
3674,75,HOGAR
3675,65,HOGAR
3676,47,ROPA
3677,63,ROPA
3678,5,ELECTRONICA
3679,44,ELECTRONICA
3680,53,ROPA
3681,73,ROPA
3682,17,HOGAR
3683,-4,
3684,1,ROPA
3685,3,ROPA
3686,35,ROPA
3687,50,ELECTRONICA
3688,68,ELECTRONICA
3689,76,HOGAR
3690,-6,ROPA
3691,35,
3692,2,HOGAR
3693,57,ROPA
3694,66,HOGAR
3695,11,ROPA
3696,33,
3697,-7,
3698,72,ROPA
3699,16,ROPA
3700,95,ROPA
3701,26,HOGAR
3702,58,ELECTRONICA
3703,30,ROPA
3704,82,ROPA
3705,5,ELECTRONICA
3706,69,ELECTRONICA
3707,8,ELECTRONICA
3708,29,ELECTRONICA
3709,44,ELECTRONICA
3710,7,HOGAR
3711,71,ROPA
3712,46,ELECTRONICA
3713,11,
3714,98,HOGAR
3715,71,HOGAR
3716,66,ELECTRONICA
3717,92,HOGAR
3718,79,HOGAR
3719,7,HOGAR
3720,4,ROPA
3721,91,ROPA
3722,-8,HOGAR
3723,78,ELECTRONICA
3724,11,ROPA
3725,43,ELECTRONICA
3726,33,ROPA
3727,8,
3728,96,ELECTRONICA
3729,88,HOGAR
3730,21,
3731,56,HOGAR
3732,82,ELECTRONICA
3733,0,ROPA
3734,82,ELECTRONICA
3735,1,ROPA
3736,63,
3737,73,ELECTRONICA
3738,83,HOGAR
3739,14,HOGAR
3740,71,ROPA
3741,84,
3742,21,ELECTRONICA
3743,49,ROPA
3744,75,
3745,62,
3746,37,
3747,65,
3748,15,ROPA
3749,96,
3750,69,ROPA
3751,-7,ROPA
3752,59,HOGAR
3753,96,ELECTRONICA
3754,100,ROPA
3755,-2,ROPA
3756,93,HOGAR
3757,63,ROPA
3758,67,ELECTRONICA
3759,90,HOGAR
3760,79,HOGAR
3761,99,
3762,68,HOGAR
3763,91,ROPA
3764,51,ELECTRONICA
3765,7,HOGAR
3766,87,ELECTRONICA
3767,-2,ELECTRONICA
3768,36,
3769,96,ELECTRONICA
3770,-2,ROPA
3771,67,ELECTRONICA
3772,14,HOGAR
3773,0,HOGAR
3774,44,HOGAR
3775,71,ELECTRONICA
3776,41,HOGAR
3777,30,ROPA
3778,50,HOGAR
3779,13,ROPA
3780,36,ELECTRONICA
3781,76,ELECTRONICA
3782,76,HOGAR
3783,69,ROPA
3784,94,HOGAR
3785,35,ROPA
3786,48,HOGAR
3787,-7,HOGAR
3788,11,
3789,-10,ELECTRONICA
3790,32,ROPA
3791,24,ROPA
3792,14,
3793,-5,HOGAR
3794,-9,HOGAR
3795,-7,ROPA
3796,-4,HOGAR
3797,53,HOGAR
3798,35,ROPA
3799,-1,ROPA
3800,67,ROPA
3801,28,ROPA
3802,-10,ROPA
3803,69,ELECTRONICA
3804,42,ELECTRONICA
3805,98,ELECTRONICA
3806,-4,ELECTRONICA
3807,-3,ROPA
3808,1,ELECTRONICA
3809,34,HOGAR
3810,2,HOGAR
3811,85,HOGAR
3812,1,ELECTRONICA
3813,21,
3814,17,ELECTRONICA
3815,60,HOGAR
3816,40,ROPA
3817,50,HOGAR
3818,48,ELECTRONICA
3819,23,HOGAR
3820,4,HOGAR
3821,0,
3822,66,ROPA
3823,81,ELECTRONICA
3824,-1,
3825,79,
3826,-3,ROPA
3827,26,
3828,64,ROPA
3829,17,HOGAR
3830,51,ROPA
3831,-5,ROPA
3832,94,ELECTRONICA
3833,17,HOGAR
3834,45,HOGAR
3835,1,
3836,33,
3837,-6,ELECTRONICA
3838,1,HOGAR
3839,35,ROPA
3840,76,ELECTRONICA
3841,14,ELECTRONICA
3842,36,
3843,-4,ROPA
3844,49,ROPA
3845,-5,ELECTRONICA
3846,30,
3847,37,ROPA
3848,66,
3849,71,ELECTRONICA
3850,42,ROPA
3851,82,ROPA
3852,44,ROPA
3853,83,HOGAR
3854,30,ELECTRONICA
3855,41,ELECTRONICA
3856,31,HOGAR
3857,41,ROPA
3858,79,ROPA
3859,42,HOGAR
3860,7,ELECTRONICA
3861,77,ELECTRONICA
3862,55,ELECTRONICA
3863,87,HOGAR
3864,85,ROPA
3865,2,HOGAR
3866,9,ROPA
3867,64,HOGAR
3868,64,HOGAR
3869,39,HOGAR
3870,75,
3871,74,HOGAR
3872,67,ELECTRONICA
3873,-10,ELECTRONICA
3874,57,HOGAR
3875,10,ELECTRONICA
3876,95,ELECTRONICA
3877,36,ROPA
3878,99,ELECTRONICA
3879,37,ELECTRONICA
3880,52,ELECTRONICA
3881,59,ROPA
3882,54,ROPA
3883,76,ELECTRONICA
3884,-4,ELECTRONICA
3885,44,ROPA
3886,60,HOGAR
3887,6,ELECTRONICA
3888,50,ROPA
3889,26,ELECTRONICA
3890,99,
3891,28,ROPA
3892,6,ELECTRONICA
3893,90,ELECTRONICA
3894,12,HOGAR
3895,41,ROPA
3896,-7,ROPA
3897,92,ROPA
3898,63,ROPA
3899,-3,ELECTRONICA
3900,95,
3901,34,HOGAR
3902,35,HOGAR
3903,3,ROPA
3904,14,ELECTRONICA
3905,8,ELECTRONICA
3906,36,HOGAR
3907,15,HOGAR
3908,88,ELECTRONICA
3909,32,
3910,85,ROPA
3911,-4,ROPA
3912,52,ROPA
3913,70,
3914,48,ELECTRONICA
3915,-6,ELECTRONICA
3916,89,HOGAR
3917,2,HOGAR
3918,1,ROPA
3919,53,
3920,33,
3921,49,ROPA
3922,-4,ELECTRONICA
3923,48,ROPA
3924,26,HOGAR
3925,50,ELECTRONICA
3926,58,ROPA
3927,69,
3928,77,ROPA
3929,1,
3930,35,HOGAR
3931,82,HOGAR
3932,98,ROPA
3933,39,ROPA
3934,36,
3935,57,ELECTRONICA
3936,10,HOGAR
3937,87,ELECTRONICA
3938,59,HOGAR
3939,60,ROPA
3940,31,
3941,-7,
3942,61,ROPA
3943,26,HOGAR
3944,94,ELECTRONICA
3945,3,HOGAR
3946,98,HOGAR
3947,98,
3948,72,
3949,81,ELECTRONICA
3950,74,ROPA
3951,97,ROPA
3952,86,ELECTRONICA
3953,2,ROPA
3954,0,HOGAR
3955,68,ROPA
3956,3,HOGAR
3957,34,
3958,83,ELECTRONICA
3959,21,HOGAR
3960,5,
3961,76,ROPA
3962,24,
3963,-9,
3964,-4,ELECTRONICA
3965,75,HOGAR
3966,-10,ELECTRONICA
3967,84,
3968,61,
3969,34,ELECTRONICA
3970,-9,HOGAR
3971,1,ROPA
3972,5,HOGAR
3973,66,ROPA
3974,21,ELECTRONICA
3975,54,
3976,-1,
3977,36,ROPA
3978,-6,HOGAR
3979,60,HOGAR
3980,94,HOGAR
3981,51,ROPA
3982,30,ELECTRONICA
3983,62,HOGAR
3984,20,ROPA
3985,61,HOGAR
3986,49,
3987,83,ELECTRONICA
3988,74,ELECTRONICA
3989,15,ROPA
3990,83,ELECTRONICA
3991,25,
3992,66,ROPA
3993,37,HOGAR
3994,49,ELECTRONICA
3995,9,ELECTRONICA
3996,3,
3997,53,ROPA
3998,77,HOGAR
3999,26,HOGAR
4000,78,HOGAR
4001,-10,HOGAR
4002,52,HOGAR
4003,94,HOGAR
4004,27,
4005,9,ELECTRONICA
4006,17,ELECTRONICA
4007,68,HOGAR
4008,31,ROPA
4009,76,
4010,-3,ROPA
4011,0,HOGAR
4012,88,
4013,71,ELECTRONICA
4014,90,HOGAR
4015,80,HOGAR
4016,-2,ROPA
4017,7,ROPA
4018,84,ROPA
4019,54,HOGAR
4020,92,HOGAR
4021,65,HOGAR
4022,59,ELECTRONICA
4023,90,ROPA
4024,50,HOGAR
4025,48,
4026,47,ELECTRONICA
4027,5,ROPA
4028,14,ROPA
4029,58,HOGAR
4030,16,HOGAR
4031,-3,
4032,63,HOGAR
4033,39,ROPA
4034,-7,
4035,90,HOGAR
4036,70,ROPA
4037,5,
4038,85,ELECTRONICA
4039,52,ROPA
4040,69,ELECTRONICA
4041,91,ELECTRONICA
4042,67,HOGAR
4043,28,ELECTRONICA
4044,61,ROPA
4045,5,ELECTRONICA
4046,20,ELECTRONICA
4047,61,HOGAR
4048,63,
4049,17,HOGAR
4050,19,HOGAR
4051,-6,ELECTRONICA
4052,-1,ROPA
4053,-4,ROPA
4054,-1,HOGAR
4055,17,
4056,59,
4057,42,ELECTRONICA
4058,80,ELECTRONICA
4059,72,HOGAR
4060,28,ELECTRONICA
4061,45,ELECTRONICA
4062,64,ROPA
4063,77,ROPA
4064,68,ELECTRONICA
4065,-2,HOGAR
4066,58,ROPA
4067,86,ROPA
4068,47,ELECTRONICA
4069,70,ROPA
4070,13,ELECTRONICA
4071,76,ROPA
4072,-8,ROPA
4073,18,ELECTRONICA
4074,52,ELECTRONICA
4075,7,ELECTRONICA
4076,49,ELECTRONICA
4077,36,ROPA
4078,52,HOGAR
4079,54,ROPA
4080,61,HOGAR
4081,58,HOGAR
4082,26,HOGAR
4083,-7,ELECTRONICA
4084,90,ROPA
4085,96,
4086,25,ROPA
4087,84,ROPA
4088,-7,ELECTRONICA
4089,-1,ROPA
4090,19,
4091,55,ELECTRONICA
4092,100,HOGAR
4093,20,
4094,81,ROPA
4095,52,HOGAR
4096,36,ROPA
4097,75,ELECTRONICA
4098,-10,ROPA
4099,51,HOGAR
4100,16,ROPA
4101,58,ELECTRONICA
4102,45,ROPA
4103,63,ROPA
4104,-6,ROPA
4105,60,ELECTRONICA
4106,68,ROPA
4107,98,ELECTRONICA
4108,92,ROPA
4109,56,
4110,50,HOGAR
4111,-9,
4112,0,ROPA
4113,48,HOGAR
4114,31,HOGAR
4115,39,ROPA
4116,29,HOGAR
4117,28,
4118,39,ROPA
4119,55,ROPA
4120,60,ELECTRONICA
4121,46,HOGAR
4122,76,HOGAR
4123,19,ROPA
4124,-8,ELECTRONICA
4125,33,
4126,-10,ROPA
4127,64,HOGAR
4128,12,
4129,95,HOGAR
4130,98,ROPA
4131,21,ROPA
4132,29,ROPA
4133,57,
4134,27,ELECTRONICA
4135,58,HOGAR
4136,91,ELECTRONICA
4137,47,ELECTRONICA
4138,34,
4139,49,ROPA
4140,-10,HOGAR
4141,78,ELECTRONICA
4142,76,HOGAR
4143,36,
4144,16,ROPA
4145,18,ROPA
4146,86,HOGAR
4147,98,HOGAR
4148,8,HOGAR
4149,82,HOGAR
4150,-3,ELECTRONICA
4151,81,HOGAR
4152,3,HOGAR
4153,68,
4154,73,HOGAR
4155,23,ELECTRONICA
4156,79,HOGAR
4157,78,
4158,-6,ELECTRONICA
4159,84,ELECTRONICA
4160,49,
4161,65,ROPA
4162,13,ROPA
4163,94,ELECTRONICA
4164,5,ELECTRONICA
4165,-7,
4166,33,ELECTRONICA
4167,23,ROPA
4168,42,ELECTRONICA
4169,19,HOGAR
4170,45,ROPA
4171,51,ELECTRONICA
4172,-4,ELECTRONICA
4173,-6,ROPA
4174,7,ROPA
4175,17,HOGAR
4176,59,HOGAR
4177,20,
4178,51,
4179,85,HOGAR
4180,19,
4181,30,ROPA
4182,47,HOGAR
4183,-2,HOGAR
4184,28,ROPA
4185,24,HOGAR
4186,77,
4187,3,ROPA
4188,40,ROPA
4189,31,ROPA
4190,3,ROPA
4191,88,ROPA
4192,89,ROPA
4193,32,ROPA
4194,25,ROPA
4195,65,ROPA
4196,50,HOGAR
4197,25,ROPA
4198,20,HOGAR
4199,47,ROPA
4200,-5,ELECTRONICA
4201,3,
4202,56,ROPA
4203,28,ELECTRONICA
4204,0,ROPA
4205,81,HOGAR
4206,97,
4207,1,
4208,81,HOGAR
4209,57,ELECTRONICA
4210,42,HOGAR
4211,88,ROPA
4212,34,ELECTRONICA
4213,18,
4214,36,HOGAR
4215,76,ELECTRONICA
4216,58,HOGAR
4217,0,ELECTRONICA
4218,32,HOGAR
4219,88,ELECTRONICA
4220,75,ELECTRONICA
4221,54,
4222,91,HOGAR
4223,-10,ROPA
4224,7,
4225,24,ROPA
4226,89,ELECTRONICA
4227,57,ELECTRONICA
4228,87,HOGAR
4229,80,ROPA
4230,6,
4231,76,ROPA
4232,100,HOGAR
4233,96,ROPA
4234,45,ELECTRONICA
4235,51,HOGAR
4236,55,
4237,58,ELECTRONICA
4238,96,ROPA
4239,100,HOGAR
4240,4,ELECTRONICA
4241,92,ROPA
4242,-9,ELECTRONICA
4243,19,HOGAR
4244,86,HOGAR
4245,54,HOGAR
4246,14,ELECTRONICA
4247,43,
4248,64,ELECTRONICA
4249,34,ROPA
4250,19,ROPA
4251,13,HOGAR
4252,100,HOGAR
4253,87,ROPA
4254,80,ROPA
4255,80,ELECTRONICA
4256,61,ELECTRONICA
4257,99,ELECTRONICA
4258,-1,ELECTRONICA
4259,-9,ROPA
4260,55,HOGAR
4261,81,ELECTRONICA
4262,28,HOGAR
4263,36,
4264,84,
4265,43,
4266,90,ROPA
4267,-5,ROPA
4268,-10,ELECTRONICA
4269,26,HOGAR
4270,71,ROPA
4271,97,
4272,39,HOGAR
4273,22,ELECTRONICA
4274,72,
4275,67,ELECTRONICA
4276,9,ROPA
4277,46,HOGAR
4278,51,HOGAR
4279,11,ELECTRONICA
4280,-8,HOGAR
4281,28,ROPA
4282,27,ELECTRONICA
4283,28,ELECTRONICA
4284,85,ROPA
4285,98,ELECTRONICA
4286,44,ROPA
4287,26,
4288,-4,ROPA
4289,92,
4290,78,ELECTRONICA
4291,97,HOGAR
4292,63,
4293,-10,
4294,21,HOGAR
4295,74,HOGAR
4296,51,
4297,0,HOGAR
4298,19,HOGAR
4299,57,ROPA
4300,11,ROPA
4301,74,
4302,24,ELECTRONICA
4303,91,HOGAR
4304,-1,ROPA
4305,92,
4306,-1,HOGAR
4307,27,ROPA
4308,-5,HOGAR
4309,73,
4310,81,
4311,52,ELECTRONICA
4312,47,ROPA
4313,89,ROPA
4314,53,ROPA
4315,88,HOGAR
4316,96,ROPA
4317,78,ROPA
4318,45,ROPA
4319,9,HOGAR
4320,86,ELECTRONICA
4321,-1,ROPA
4322,34,ELECTRONICA
4323,53,HOGAR
4324,39,HOGAR
4325,54,ROPA
4326,48,ELECTRONICA
4327,9,HOGAR
4328,17,ROPA
4329,77,ELECTRONICA
4330,18,HOGAR
4331,15,
4332,78,HOGAR
4333,25,ROPA
4334,96,ROPA
4335,5,ROPA
4336,57,ELECTRONICA
4337,33,HOGAR
4338,28,
4339,59,ELECTRONICA
4340,89,HOGAR
4341,44,HOGAR
4342,3,ELECTRONICA
4343,86,ELECTRONICA
4344,94,HOGAR
4345,67,
4346,83,ELECTRONICA
4347,13,ELECTRONICA
4348,24,ELECTRONICA
4349,53,
4350,71,ELECTRONICA
4351,-7,HOGAR
4352,19,ROPA
4353,-1,
4354,2,HOGAR
4355,81,
4356,43,ELECTRONICA
4357,49,ELECTRONICA
4358,35,ELECTRONICA
4359,93,ROPA
4360,37,HOGAR
4361,66,ROPA
4362,100,ROPA
4363,68,
4364,-9,
4365,48,
4366,34,
4367,13,
4368,3,ROPA
4369,86,HOGAR
4370,90,ROPA
4371,29,HOGAR
4372,-9,ELECTRONICA
4373,47,HOGAR
4374,75,ROPA
4375,70,HOGAR
4376,29,HOGAR
4377,12,ROPA
4378,36,
4379,-8,HOGAR
4380,65,HOGAR
4381,26,ELECTRONICA
4382,9,ROPA
4383,86,HOGAR
4384,9,
4385,44,ELECTRONICA
4386,-6,HOGAR
4387,-8,ELECTRONICA
4388,-9,ROPA
4389,64,ROPA
4390,96,HOGAR
4391,3,HOGAR
4392,85,ROPA
4393,83,ROPA
4394,83,
4395,17,HOGAR
4396,23,
4397,54,HOGAR
4398,89,HOGAR
4399,52,ELECTRONICA
4400,84,ROPA
4401,12,ROPA
4402,10,ROPA
4403,67,
4404,26,ROPA
4405,74,ELECTRONICA
4406,50,
4407,22,ROPA
4408,40,HOGAR
4409,41,ROPA
4410,86,ELECTRONICA
4411,18,HOGAR
4412,47,ROPA
4413,40,ROPA
4414,45,ROPA
4415,36,ROPA
4416,54,ROPA
4417,92,HOGAR
4418,-3,ELECTRONICA
4419,80,ROPA
4420,66,HOGAR
4421,41,ELECTRONICA
4422,0,HOGAR
4423,77,ROPA
4424,6,ELECTRONICA
4425,93,ROPA
4426,70,ELECTRONICA
4427,52,HOGAR
4428,71,HOGAR
4429,8,HOGAR
4430,-9,HOGAR
4431,-7,ELECTRONICA
4432,40,HOGAR
4433,73,ROPA
4434,18,ELECTRONICA
4435,99,ROPA
4436,-10,HOGAR
4437,88,ELECTRONICA
4438,-7,ELECTRONICA
4439,55,ELECTRONICA
4440,54,ELECTRONICA
4441,58,HOGAR
4442,13,
4443,12,ELECTRONICA
4444,64,HOGAR
4445,10,HOGAR
4446,59,ELECTRONICA
4447,97,HOGAR
4448,68,ELECTRONICA
4449,21,HOGAR
4450,77,ELECTRONICA
4451,2,HOGAR
4452,79,ROPA
4453,23,ROPA
4454,7,HOGAR
4455,63,HOGAR
4456,91,
4457,88,ROPA
4458,56,HOGAR
4459,54,ELECTRONICA
4460,1,
4461,54,HOGAR
4462,64,
4463,20,
4464,48,HOGAR
4465,41,ELECTRONICA
4466,37,ROPA
4467,16,HOGAR
4468,11,ROPA
4469,60,HOGAR
4470,50,ELECTRONICA
4471,12,HOGAR
4472,48,ELECTRONICA
4473,89,HOGAR
4474,54,ELECTRONICA
4475,39,
4476,54,ROPA
4477,87,ROPA
4478,24,ROPA
4479,55,ELECTRONICA
4480,73,ROPA
4481,90,HOGAR
4482,57,ELECTRONICA
4483,94,ELECTRONICA
4484,33,ROPA
4485,25,ROPA
4486,-5,HOGAR
4487,87,ROPA
4488,19,ELECTRONICA
4489,21,ELECTRONICA
4490,65,ROPA
4491,64,
4492,38,
4493,70,ROPA
4494,22,
4495,90,ELECTRONICA
4496,86,ROPA
4497,51,ELECTRONICA
4498,98,ELECTRONICA
4499,36,ELECTRONICA
4500,73,HOGAR
4501,45,ELECTRONICA
4502,77,HOGAR
4503,37,ROPA
4504,8,
4505,88,HOGAR
4506,68,ROPA
4507,0,
4508,47,ELECTRONICA
4509,32,
4510,45,
4511,38,
4512,70,
4513,32,ROPA
4514,35,HOGAR
4515,87,ELECTRONICA
4516,-1,ROPA
4517,90,ELECTRONICA
4518,0,ROPA
4519,11,ROPA
4520,28,
4521,30,
4522,7,HOGAR
4523,41,ELECTRONICA
4524,46,HOGAR
4525,38,ELECTRONICA
4526,34,ROPA
4527,-7,ROPA
4528,30,ROPA
4529,1,ROPA
4530,92,
4531,79,ROPA
4532,44,ELECTRONICA
4533,64,ELECTRONICA
4534,2,HOGAR
4535,34,ELECTRONICA
4536,-7,ELECTRONICA
4537,37,HOGAR
4538,15,ROPA
4539,46,ELECTRONICA
4540,27,HOGAR
4541,-4,
4542,41,HOGAR
4543,70,HOGAR
4544,91,HOGAR
4545,82,ROPA
4546,17,ROPA
4547,33,ROPA
4548,61,ELECTRONICA
4549,72,ELECTRONICA
4550,23,HOGAR
4551,41,
4552,81,HOGAR
4553,12,HOGAR
4554,8,ELECTRONICA
4555,28,HOGAR
4556,26,HOGAR
4557,41,HOGAR
4558,81,
4559,70,HOGAR
4560,17,ELECTRONICA
4561,34,ROPA
4562,48,ROPA
4563,2,HOGAR
4564,45,HOGAR
4565,9,HOGAR
4566,76,HOGAR
4567,18,HOGAR
4568,26,ROPA
4569,47,HOGAR
4570,51,ROPA
4571,-10,ELECTRONICA
4572,29,ELECTRONICA
4573,73,HOGAR
4574,94,ROPA
4575,87,ROPA
4576,71,ELECTRONICA
4577,98,ELECTRONICA
4578,48,
4579,-10,ELECTRONICA
4580,92,ELECTRONICA
4581,97,HOGAR
4582,31,HOGAR
4583,2,ELECTRONICA
4584,35,ELECTRONICA
4585,47,ELECTRONICA
4586,85,HOGAR
4587,30,HOGAR
4588,49,ELECTRONICA
4589,0,
4590,47,ROPA
4591,24,ROPA
4592,16,ELECTRONICA
4593,-7,ROPA
4594,71,ELECTRONICA
4595,23,ELECTRONICA
4596,63,ROPA
4597,31,HOGAR
4598,-7,ROPA
4599,95,ROPA
4600,2,ROPA
4601,37,HOGAR
4602,-6,ELECTRONICA
4603,61,ROPA
4604,65,HOGAR
4605,90,ROPA
4606,92,HOGAR
4607,62,ELECTRONICA
4608,90,HOGAR
4609,29,ROPA
4610,98,ROPA
4611,13,
4612,32,
4613,66,ELECTRONICA
4614,36,ROPA
4615,41,ROPA
4616,58,HOGAR
4617,85,HOGAR
4618,65,ELECTRONICA
4619,97,HOGAR
4620,96,HOGAR
4621,61,
4622,41,ROPA
4623,32,ELECTRONICA
4624,10,HOGAR
4625,73,
4626,2,
4627,84,ELECTRONICA
4628,72,ELECTRONICA
4629,46,
4630,65,ELECTRONICA
4631,12,HOGAR
4632,16,ELECTRONICA
4633,46,HOGAR
4634,-6,ROPA
4635,61,ROPA
4636,82,HOGAR
4637,80,HOGAR
4638,-8,ROPA
4639,-9,HOGAR
4640,25,ROPA
4641,37,
4642,29,HOGAR
4643,8,
4644,0,HOGAR
4645,49,ELECTRONICA
4646,11,ELECTRONICA
4647,68,ROPA
4648,100,
4649,94,ELECTRONICA
4650,40,HOGAR
4651,64,ELECTRONICA
4652,72,HOGAR
4653,23,ELECTRONICA
4654,39,
4655,0,ELECTRONICA
4656,2,ROPA
4657,1,
4658,78,ELECTRONICA
4659,62,
4660,42,ELECTRONICA
4661,36,
4662,95,ELECTRONICA
4663,41,ELECTRONICA
4664,-3,ELECTRONICA
4665,20,ELECTRONICA
4666,86,ROPA
4667,-3,ROPA
4668,-8,HOGAR
4669,23,ROPA
4670,-1,ELECTRONICA
4671,-4,ELECTRONICA
4672,31,
4673,95,ELECTRONICA
4674,93,ELECTRONICA
4675,47,ELECTRONICA
4676,37,ELECTRONICA
4677,89,ROPA
4678,83,ELECTRONICA
4679,65,
4680,30,ELECTRONICA
4681,18,ELECTRONICA
4682,39,ROPA
4683,70,ELECTRONICA
4684,38,ROPA
4685,64,ROPA
4686,72,HOGAR
4687,35,ELECTRONICA
4688,-2,ELECTRONICA
4689,-1,ROPA
4690,70,HOGAR
4691,91,ELECTRONICA
4692,1,ELECTRONICA
4693,-8,ELECTRONICA
4694,46,
4695,39,HOGAR
4696,83,HOGAR
4697,78,ROPA
4698,12,HOGAR
4699,35,
4700,70,ROPA
4701,17,HOGAR
4702,100,ROPA
4703,67,ROPA
4704,13,ROPA
4705,73,ELECTRONICA
4706,88,
4707,13,ELECTRONICA
4708,39,HOGAR
4709,-5,HOGAR
4710,26,HOGAR
4711,-9,ROPA
4712,20,
4713,15,HOGAR
4714,54,HOGAR
4715,66,HOGAR
4716,-2,ROPA
4717,28,ROPA
4718,77,
4719,69,HOGAR
4720,80,ELECTRONICA
4721,58,ROPA
4722,82,ELECTRONICA
4723,14,ROPA
4724,73,ROPA
4725,3,ROPA
4726,75,ROPA
4727,99,
4728,22,
4729,84,ELECTRONICA
4730,55,
4731,28,HOGAR
4732,10,ROPA
4733,-6,
4734,19,ELECTRONICA
4735,40,
4736,43,
4737,87,ELECTRONICA
4738,53,ELECTRONICA
4739,10,ELECTRONICA
4740,37,ROPA
4741,40,ELECTRONICA
4742,93,ELECTRONICA
4743,56,ROPA
4744,57,ROPA
4745,26,HOGAR
4746,51,HOGAR
4747,-1,ELECTRONICA
4748,3,ELECTRONICA
4749,53,ELECTRONICA
4750,78,
4751,35,HOGAR
4752,64,
4753,-2,HOGAR
4754,73,HOGAR
4755,68,ROPA
4756,64,HOGAR
4757,3,
4758,-6,HOGAR
4759,41,ROPA
4760,31,ROPA
4761,88,HOGAR
4762,53,ROPA
4763,15,ROPA
4764,2,HOGAR
4765,14,
4766,85,ELECTRONICA
4767,79,ROPA
4768,-9,ELECTRONICA
4769,29,ROPA
4770,37,HOGAR
4771,75,
4772,-4,
4773,36,HOGAR
4774,53,ROPA
4775,91,
4776,69,ROPA
4777,8,ELECTRONICA
4778,86,ELECTRONICA
4779,19,
4780,34,ROPA
4781,94,ROPA
4782,28,ELECTRONICA
4783,74,ROPA
4784,5,ROPA
4785,61,
4786,85,HOGAR
4787,-8,ROPA
4788,35,HOGAR
4789,-2,HOGAR
4790,89,HOGAR
4791,94,
4792,36,HOGAR
4793,75,
4794,87,HOGAR
4795,34,ROPA
4796,38,ROPA
4797,90,ROPA
4798,3,ELECTRONICA
4799,66,ROPA
4800,58,ELECTRONICA
4801,14,ELECTRONICA
4802,5,HOGAR
4803,30,ELECTRONICA
4804,91,ELECTRONICA
4805,44,ELECTRONICA
4806,83,ELECTRONICA
4807,5,ELECTRONICA
4808,78,ELECTRONICA
4809,24,ELECTRONICA
4810,82,ROPA
4811,95,HOGAR
4812,84,ELECTRONICA
4813,85,HOGAR
4814,85,HOGAR
4815,91,ROPA
4816,48,ROPA
4817,42,ELECTRONICA
4818,40,ROPA
4819,-7,ELECTRONICA
4820,11,ELECTRONICA
4821,33,ROPA
4822,83,ROPA
4823,4,HOGAR
4824,56,ELECTRONICA
4825,-5,HOGAR
4826,54,ELECTRONICA
4827,94,ROPA
4828,77,ROPA
4829,54,ROPA
4830,23,HOGAR
4831,23,HOGAR
4832,75,ELECTRONICA
4833,-9,ROPA
4834,77,HOGAR
4835,72,HOGAR
4836,-5,HOGAR
4837,62,HOGAR
4838,100,ROPA
4839,20,ELECTRONICA
4840,39,HOGAR
4841,8,ROPA
4842,17,
4843,87,ROPA
4844,-3,HOGAR
4845,6,ELECTRONICA
4846,83,ELECTRONICA
4847,75,HOGAR
4848,44,HOGAR
4849,57,ROPA
4850,41,ROPA
4851,82,ELECTRONICA
4852,93,HOGAR
4853,2,HOGAR
4854,-5,ELECTRONICA
4855,67,ELECTRONICA
4856,46,ROPA
4857,24,
4858,53,ELECTRONICA
4859,8,HOGAR
4860,-9,ELECTRONICA
4861,67,ROPA
4862,21,ROPA
4863,-5,HOGAR
4864,57,HOGAR
4865,29,ELECTRONICA
4866,20,ELECTRONICA
4867,89,
4868,55,ROPA
4869,14,ELECTRONICA
4870,67,ELECTRONICA
4871,49,ELECTRONICA
4872,96,HOGAR
4873,65,HOGAR
4874,73,ELECTRONICA
4875,37,
4876,46,HOGAR
4877,49,
4878,1,HOGAR
4879,78,ELECTRONICA
4880,69,
4881,30,ROPA
4882,-9,
4883,35,ELECTRONICA
4884,-8,HOGAR
4885,91,ELECTRONICA
4886,94,ROPA
4887,97,ELECTRONICA
4888,85,ROPA
4889,23,ROPA
4890,81,ELECTRONICA
4891,16,HOGAR
4892,11,ROPA
4893,-5,ROPA
4894,86,ROPA
4895,38,ROPA
4896,54,HOGAR
4897,38,ELECTRONICA
4898,65,ROPA
4899,74,HOGAR
4900,93,ROPA
4901,-6,HOGAR
4902,53,ROPA
4903,90,HOGAR
4904,-5,ELECTRONICA
4905,66,ROPA
4906,-7,ROPA
4907,25,HOGAR
4908,53,HOGAR
4909,33,ELECTRONICA
4910,87,
4911,78,ELECTRONICA
4912,8,ELECTRONICA
4913,77,
4914,28,ELECTRONICA
4915,25,HOGAR
4916,100,HOGAR
4917,32,ROPA
4918,34,ROPA
4919,76,HOGAR
4920,58,
4921,5,
4922,96,HOGAR
4923,-7,ROPA
4924,43,HOGAR
4925,5,ELECTRONICA
4926,71,ROPA
4927,90,ELECTRONICA
4928,82,HOGAR
4929,-7,ROPA
4930,58,ELECTRONICA
4931,36,HOGAR
4932,51,
4933,6,ROPA
4934,63,
4935,95,ROPA
4936,37,HOGAR
4937,-5,HOGAR
4938,48,ROPA
4939,39,ELECTRONICA
4940,76,HOGAR
4941,-3,
4942,66,ELECTRONICA
4943,67,ELECTRONICA
4944,19,HOGAR
4945,22,ROPA
4946,85,ELECTRONICA
4947,35,HOGAR
4948,17,ELECTRONICA
4949,19,
4950,95,ROPA
4951,29,ELECTRONICA
4952,11,HOGAR
4953,46,ROPA
4954,2,ROPA
4955,-2,HOGAR
4956,95,ELECTRONICA
4957,-6,
4958,56,
4959,7,HOGAR
4960,35,ROPA
4961,48,HOGAR
4962,33,ELECTRONICA
4963,72,ROPA
4964,73,
4965,35,ELECTRONICA
4966,92,HOGAR
4967,13,HOGAR
4968,-1,ELECTRONICA
4969,83,HOGAR
4970,65,ELECTRONICA
4971,44,ELECTRONICA
4972,17,HOGAR
4973,17,ELECTRONICA
4974,54,ELECTRONICA
4975,37,ROPA
4976,55,ELECTRONICA
4977,37,ROPA
4978,79,ELECTRONICA
4979,10,ELECTRONICA
4980,80,HOGAR
4981,14,HOGAR
4982,49,ELECTRONICA
4983,69,HOGAR
4984,47,ELECTRONICA
4985,31,HOGAR
4986,89,ROPA
4987,96,ROPA
4988,53,ELECTRONICA
4989,43,ELECTRONICA
4990,50,
4991,7,ELECTRONICA
4992,28,ROPA
4993,83,ELECTRONICA
4994,97,ROPA
4995,69,HOGAR
4996,81,
4997,55,ROPA
4998,-8,ELECTRONICA
4999,52,ROPA
5000,17,
